-- phpMyAdmin SQL Dump
-- version 5.2.1
-- https://www.phpmyadmin.net/
--
-- Host: 127.0.0.1
-- Generation Time: Jul 17, 2024 at 08:57 PM
-- Server version: 10.4.32-MariaDB
-- PHP Version: 8.2.12

SET SQL_MODE = "NO_AUTO_VALUE_ON_ZERO";
START TRANSACTION;
SET time_zone = "+00:00";


/*!40101 SET @OLD_CHARACTER_SET_CLIENT=@@CHARACTER_SET_CLIENT */;
/*!40101 SET @OLD_CHARACTER_SET_RESULTS=@@CHARACTER_SET_RESULTS */;
/*!40101 SET @OLD_COLLATION_CONNECTION=@@COLLATION_CONNECTION */;
/*!40101 SET NAMES utf8mb4 */;

--
-- Database: `rooma`
--

-- --------------------------------------------------------

--
-- Table structure for table `admins`
--

CREATE TABLE `admins` (
  `AdminID` int(11) NOT NULL,
  `AdminEmail` varchar(30) DEFAULT NULL,
  `AdminName` varchar(30) DEFAULT NULL,
  `AdminPp` text DEFAULT NULL,
  `AdminPassword` varchar(30) DEFAULT NULL,
  `AdminPh` varchar(20) DEFAULT NULL,
  `RoomaBalance` decimal(10,0) DEFAULT NULL
) ENGINE=InnoDB DEFAULT CHARSET=utf8mb4 COLLATE=utf8mb4_general_ci;

--
-- Dumping data for table `admins`
--

INSERT INTO `admins` (`AdminID`, `AdminEmail`, `AdminName`, `AdminPp`, `AdminPassword`, `AdminPh`, `RoomaBalance`) VALUES
(1, 'jamy12ll@gmail.com', 'Jamy', 'profileImg/_dragon.png', 'grfGgeGER213#@!3', '4527543896', 10547);

-- --------------------------------------------------------

--
-- Table structure for table `bookings`
--

CREATE TABLE `bookings` (
  `BookingID` int(11) NOT NULL,
  `BookingDate` date DEFAULT NULL,
  `BookingGuestQty` int(11) DEFAULT NULL,
  `BookingMessage` varchar(255) DEFAULT NULL,
  `BookingCheckInDate` date DEFAULT NULL,
  `BookingCheckOutDate` date DEFAULT NULL,
  `BookingTotalNights` int(11) DEFAULT NULL,
  `BookingTotalPrice` decimal(10,0) DEFAULT NULL,
  `GuestServiceFee` decimal(10,0) DEFAULT NULL,
  `HostServiceFee` decimal(10,0) DEFAULT NULL,
  `BookingStatus` varchar(10) DEFAULT NULL,
  `BookingReviewStar` int(11) DEFAULT NULL,
  `BookingReview` varchar(255) DEFAULT NULL,
  `PaymentID` int(11) DEFAULT NULL,
  `PropertyID` int(11) DEFAULT NULL,
  `UserID` int(11) DEFAULT NULL
) ENGINE=InnoDB DEFAULT CHARSET=utf8mb4 COLLATE=utf8mb4_general_ci;

--
-- Dumping data for table `bookings`
--

INSERT INTO `bookings` (`BookingID`, `BookingDate`, `BookingGuestQty`, `BookingMessage`, `BookingCheckInDate`, `BookingCheckOutDate`, `BookingTotalNights`, `BookingTotalPrice`, `GuestServiceFee`, `HostServiceFee`, `BookingStatus`, `BookingReviewStar`, `BookingReview`, `PaymentID`, `PropertyID`, `UserID`) VALUES
(15, '2024-07-15', 2, 'Hi there, do you offer free breakfast.', '2024-07-15', '2024-07-16', 1, 64, 3, 2, 'Booked', NULL, NULL, 27, 21, 2),
(17, '2024-07-16', 3, 'Do you offer free breakfast?', '2024-07-16', '2024-07-17', 1, 64, 3, 2, 'Completed', 4, 'It was a great stay, would book again.', 33, 21, 5),
(18, '2024-07-17', 2, 'I w', '2024-07-18', '2024-07-22', 4, 256, 13, 8, 'Pending', NULL, NULL, 33, 21, 5);

-- --------------------------------------------------------

--
-- Table structure for table `cancellationpolicies`
--

CREATE TABLE `cancellationpolicies` (
  `CancelPolicyID` int(11) NOT NULL,
  `CancelPolicyName` varchar(30) DEFAULT NULL,
  `CancelPolicyDescription` varchar(255) DEFAULT NULL
) ENGINE=InnoDB DEFAULT CHARSET=utf8mb4 COLLATE=utf8mb4_general_ci;

--
-- Dumping data for table `cancellationpolicies`
--

INSERT INTO `cancellationpolicies` (`CancelPolicyID`, `CancelPolicyName`, `CancelPolicyDescription`) VALUES
(1, 'Flexible', 'Full refund if you cancel at least 24 hours before check-in. Only 50% will be refunded after the set time.'),
(2, 'Moderate', 'Full refund if you cancel at least 5 days before check-in. Only 50% will be refunded after the set time.'),
(3, 'Strict', '50% refund if you cancel at least 24 hours before check-in. No refunds after the set time. '),
(4, 'Super Strict', '50% refund if you cancel at least 5 days before check-in. No refunds after the set time.'),
(5, 'Non-Refundable', 'No refund for any cancellations.');

-- --------------------------------------------------------

--
-- Table structure for table `cities`
--

CREATE TABLE `cities` (
  `CityID` int(11) NOT NULL,
  `CityName` varchar(30) DEFAULT NULL,
  `CountryID` int(11) DEFAULT NULL
) ENGINE=InnoDB DEFAULT CHARSET=utf8mb4 COLLATE=utf8mb4_general_ci;

--
-- Dumping data for table `cities`
--

INSERT INTO `cities` (`CityID`, `CityName`, `CountryID`) VALUES
(1, 'Kabul', 1),
(2, 'Kandahar', 1),
(3, 'Herat', 1),
(4, 'Mazar-i-Sharif', 1),
(5, 'Jalalabad', 1),
(6, 'Kunduz', 1),
(7, 'Ghazni', 1),
(8, 'Balkh', 1),
(9, 'Baghlan', 1),
(10, 'Taloqan', 1),
(11, 'Tirana', 2),
(12, 'Durres', 2),
(13, 'Vlora', 2),
(14, 'Shkoder', 2),
(15, 'Fier', 2),
(16, 'Elbasan', 2),
(17, 'Korçë', 2),
(18, 'Berat', 2),
(19, 'Lushnje', 2),
(20, 'Pogradec', 2),
(21, 'Algiers', 3),
(22, 'Oran', 3),
(23, 'Constantine', 3),
(24, 'Annaba', 3),
(25, 'Blida', 3),
(26, 'Batna', 3),
(27, 'Setif', 3),
(28, 'Sidi Bel Abbes', 3),
(29, 'Skikda', 3),
(30, 'Biskra', 3),
(31, 'Andorra la Vella', 4),
(32, 'Escaldes-Engordany', 4),
(33, 'Encamp', 4),
(34, 'Sant Julia de Loria', 4),
(35, 'La Massana', 4),
(36, 'Ordino', 4),
(37, 'Canillo', 4),
(38, 'El Tarter', 4),
(39, 'Arinsal', 4),
(40, 'Pas de la Casa', 4),
(41, 'Luanda', 5),
(42, 'Huambo', 5),
(43, 'Lobito', 5),
(44, 'Benguela', 5),
(45, 'Kuito', 5),
(46, 'Lubango', 5),
(47, 'Malanje', 5),
(48, 'Namibe', 5),
(49, 'Soyo', 5),
(50, 'Cabinda', 5),
(51, 'Saint John\'s', 6),
(52, 'All Saints', 6),
(53, 'Liberta', 6),
(54, 'Parham', 6),
(55, 'Potters Village', 6),
(56, 'Bolans', 6),
(57, 'Swetes', 6),
(58, 'Codrington', 6),
(59, 'Falmouth', 6),
(60, 'Willikies', 6),
(61, 'Buenos Aires', 7),
(62, 'Cordoba', 7),
(63, 'Rosario', 7),
(64, 'Mendoza', 7),
(65, 'La Plata', 7),
(66, 'San Miguel de Tucuman', 7),
(67, 'Mar del Plata', 7),
(68, 'Salta', 7),
(69, 'Santa Fe', 7),
(70, 'San Juan', 7),
(71, 'Yerevan', 8),
(72, 'Gyumri', 8),
(73, 'Vanadzor', 8),
(74, 'Hrazdan', 8),
(75, 'Abovyan', 8),
(76, 'Kapan', 8),
(77, 'Armavir', 8),
(78, 'Stepanavan', 8),
(79, 'Gavar', 8),
(80, 'Sevan', 8),
(81, 'Sydney', 9),
(82, 'Melbourne', 9),
(83, 'Brisbane', 9),
(84, 'Perth', 9),
(85, 'Adelaide', 9),
(86, 'Canberra', 9),
(87, 'Gold Coast', 9),
(88, 'Hobart', 9),
(89, 'Darwin', 9),
(90, 'Newcastle', 9),
(91, 'Vienna', 10),
(92, 'Graz', 10),
(93, 'Linz', 10),
(94, 'Salzburg', 10),
(95, 'Innsbruck', 10),
(96, 'Klagenfurt', 10),
(97, 'Villach', 10),
(98, 'Wels', 10),
(99, 'St. Pölten', 10),
(100, 'Dornbirn', 10),
(101, 'Baku', 11),
(102, 'Ganja', 11),
(103, 'Sumqayit', 11),
(104, 'Mingachevir', 11),
(105, 'Lankaran', 11),
(106, 'Nakhchivan', 11),
(107, 'Sheki', 11),
(108, 'Shirvan', 11),
(109, 'Khirdalan', 11),
(110, 'Quba', 11),
(111, 'Nassau', 12),
(112, 'Freeport', 12),
(113, 'West End', 12),
(114, 'Coopers Town', 12),
(115, 'Marsh Harbour', 12),
(116, 'Freetown', 12),
(117, 'High Rock', 12),
(118, 'Andros Town', 12),
(119, 'Alice Town', 12),
(120, 'San Andros', 12),
(121, 'Manama', 13),
(122, 'Riffa', 13),
(123, 'Muharraq', 13),
(124, 'Hamad Town', 13),
(125, 'Sitra', 13),
(126, 'Isa Town', 13),
(127, 'Zallaq', 13),
(128, 'Al Hidd', 13),
(129, 'Awali', 13),
(130, 'Budaiya', 13),
(131, 'Dhaka', 14),
(132, 'Chittagong', 14),
(133, 'Khulna', 14),
(134, 'Rajshahi', 14),
(135, 'Sylhet', 14),
(136, 'Barisal', 14),
(137, 'Comilla', 14),
(138, 'Rangpur', 14),
(139, 'Mymensingh', 14),
(140, 'Gazipur', 14),
(141, 'Bridgetown', 15),
(142, 'Speightstown', 15),
(143, 'Holetown', 15),
(144, 'Oistins', 15),
(145, 'Bathsheba', 15),
(146, 'Crane', 15),
(147, 'Crab Hill', 15),
(148, 'Blackmans', 15),
(149, 'Boscobelle', 15),
(150, 'Hillaby', 15),
(151, 'Minsk', 16),
(152, 'Gomel', 16),
(153, 'Mogilev', 16),
(154, 'Vitebsk', 16),
(155, 'Hrodna', 16),
(156, 'Brest', 16),
(157, 'Babruysk', 16),
(158, 'Baranovichi', 16),
(159, 'Barysaw', 16),
(160, 'Pinsk', 16),
(161, 'Brussels', 17),
(162, 'Antwerp', 17),
(163, 'Ghent', 17),
(164, 'Charleroi', 17),
(165, 'Liege', 17),
(166, 'Bruges', 17),
(167, 'Namur', 17),
(168, 'Leuven', 17),
(169, 'Mons', 17),
(170, 'Aalst', 17),
(171, 'Belize City', 18),
(172, 'San Ignacio', 18),
(173, 'Belmopan', 18),
(174, 'Orange Walk Town', 18),
(175, 'San Pedro', 18),
(176, 'Corozal Town', 18),
(177, 'Dangriga', 18),
(178, 'Punta Gorda', 18),
(179, 'Placencia', 18),
(180, 'Benque Viejo del Carmen', 18),
(181, 'Porto-Novo', 19),
(182, 'Cotonou', 19),
(183, 'Parakou', 19),
(184, 'Djougou', 19),
(185, 'Bohicon', 19),
(186, 'Kandi', 19),
(187, 'Abomey', 19),
(188, 'Natitingou', 19),
(189, 'Ouidah', 19),
(190, 'Lokossa', 19),
(191, 'Thimphu', 20),
(192, 'Phuntsholing', 20),
(193, 'Paro', 20),
(194, 'Punakha', 20),
(195, 'Gelephu', 20),
(196, 'Samdrup Jongkhar', 20),
(197, 'Trongsa', 20),
(198, 'Wangdue Phodrang', 20),
(199, 'Trashigang', 20),
(200, 'Mongar', 20),
(201, 'La Paz', 21),
(202, 'Santa Cruz', 21),
(203, 'Cochabamba', 21),
(204, 'Sucre', 21),
(205, 'Oruro', 21),
(206, 'Potosi', 21),
(207, 'Tarija', 21),
(208, 'Trinidad', 21),
(209, 'Riberalta', 21),
(210, 'Cobija', 21),
(211, 'Sarajevo', 22),
(212, 'Banja Luka', 22),
(213, 'Mostar', 22),
(214, 'Tuzla', 22),
(215, 'Zenica', 22),
(216, 'Bijeljina', 22),
(217, 'Prijedor', 22),
(218, 'Brcko', 22),
(219, 'Doboj', 22),
(220, 'Cazin', 22),
(221, 'Gaborone', 23),
(222, 'Francistown', 23),
(223, 'Molepolole', 23),
(224, 'Maun', 23),
(225, 'Mogoditshane', 23),
(226, 'Kanye', 23),
(227, 'Selibe Phikwe', 23),
(228, 'Serowe', 23),
(229, 'Ramotswa', 23),
(230, 'Kasane', 23),
(231, 'São Paulo', 24),
(232, 'Rio de Janeiro', 24),
(233, 'Brasília', 24),
(234, 'Salvador', 24),
(235, 'Fortaleza', 24),
(236, 'Belo Horizonte', 24),
(237, 'Manaus', 24),
(238, 'Curitiba', 24),
(239, 'Recife', 24),
(240, 'Porto Alegre', 24),
(241, 'Bandar Seri Begawan', 25),
(242, 'Kuala Belait', 25),
(243, 'Seria', 25),
(244, 'Tutong', 25),
(245, 'Bangar', 25),
(246, 'Muara', 25),
(247, 'Gadong', 25),
(248, 'Lumut', 25),
(249, 'Sengkurong', 25),
(250, 'Pekan Tutong', 25),
(251, 'Sofia', 26),
(252, 'Plovdiv', 26),
(253, 'Varna', 26),
(254, 'Burgas', 26),
(255, 'Ruse', 26),
(256, 'Stara Zagora', 26),
(257, 'Pleven', 26),
(258, 'Sliven', 26),
(259, 'Dobrich', 26),
(260, 'Shumen', 26),
(261, 'Ouagadougou', 27),
(262, 'Bobo-Dioulasso', 27),
(263, 'Koudougou', 27),
(264, 'Banfora', 27),
(265, 'Ouahigouya', 27),
(266, 'Kaya', 27),
(267, 'Fada N’Gourma', 27),
(268, 'Zorgho', 27),
(269, 'Tenkodogo', 27),
(270, 'Reo', 27),
(271, 'Bujumbura', 28),
(272, 'Gitega', 28),
(273, 'Ngozi', 28),
(274, 'Ruyigi', 28),
(275, 'Muyinga', 28),
(276, 'Kayanza', 28),
(277, 'Rutana', 28),
(278, 'Makamba', 28),
(279, 'Bururi', 28),
(280, 'Muramvya', 28),
(281, 'Phnom Penh', 29),
(282, 'Siem Reap', 29),
(283, 'Battambang', 29),
(284, 'Sihanoukville', 29),
(285, 'Kampong Cham', 29),
(286, 'Kampong Thom', 29),
(287, 'Takeo', 29),
(288, 'Kampot', 29),
(289, 'Prey Veng', 29),
(290, 'Poipet', 29),
(291, 'Yaounde', 30),
(292, 'Douala', 30),
(293, 'Garoua', 30),
(294, 'Bamenda', 30),
(295, 'Maroua', 30),
(296, 'Bafoussam', 30),
(297, 'Ngaoundere', 30),
(298, 'Bertoua', 30),
(299, 'Kumba', 30),
(300, 'Limbé', 30),
(301, 'Toronto', 31),
(302, 'Montreal', 31),
(303, 'Vancouver', 31),
(304, 'Calgary', 31),
(305, 'Edmonton', 31),
(306, 'Ottawa', 31),
(307, 'Winnipeg', 31),
(308, 'Quebec City', 31),
(309, 'Hamilton', 31),
(310, 'Kitchener', 31),
(311, 'Praia', 32),
(312, 'Mindelo', 32),
(313, 'Santa Maria', 32),
(314, 'Assomada', 32),
(315, 'Sao Filipe', 32),
(316, 'Tarrafal', 32),
(317, 'Sal Rei', 32),
(318, 'Espargos', 32),
(319, 'Porto Novo', 32),
(320, 'Ribeira Grande', 32),
(321, 'Bangui', 33),
(322, 'Bimbo', 33),
(323, 'Berberati', 33),
(324, 'Bouar', 33),
(325, 'Bossangoa', 33),
(326, 'Bangassou', 33),
(327, 'Bria', 33),
(328, 'Kaga-Bandoro', 33),
(329, 'Bambari', 33),
(330, 'Nola', 33),
(331, 'N\'Djamena', 34),
(332, 'Moundou', 34),
(333, 'Sarh', 34),
(334, 'Abeche', 34),
(335, 'Kelo', 34),
(336, 'Koumra', 34),
(337, 'Pala', 34),
(338, 'Am Timan', 34),
(339, 'Bongor', 34),
(340, 'Mongo', 34),
(341, 'Santiago', 35),
(342, 'Valparaiso', 35),
(343, 'Concepcion', 35),
(344, 'La Serena', 35),
(345, 'Antofagasta', 35),
(346, 'Temuco', 35),
(347, 'Rancagua', 35),
(348, 'Iquique', 35),
(349, 'Talca', 35),
(350, 'Arica', 35),
(351, 'Beijing', 36),
(352, 'Shanghai', 36),
(353, 'Guangzhou', 36),
(354, 'Shenzhen', 36),
(355, 'Chengdu', 36),
(356, 'Wuhan', 36),
(357, 'Chongqing', 36),
(358, 'Xi\'an', 36),
(359, 'Hangzhou', 36),
(360, 'Nanjing', 36),
(361, 'Bogotá', 37),
(362, 'Medellín', 37),
(363, 'Cali', 37),
(364, 'Barranquilla', 37),
(365, 'Cartagena', 37),
(366, 'Bucaramanga', 37),
(367, 'Pereira', 37),
(368, 'Santa Marta', 37),
(369, 'Manizales', 37),
(370, 'Ibagué', 37),
(371, 'Moroni', 38),
(372, 'Mutsamudu', 38),
(373, 'Fomboni', 38),
(374, 'Domoni', 38),
(375, 'Ouani', 38),
(376, 'Sima', 38),
(377, 'Koni-Djodjo', 38),
(378, 'Iconi', 38),
(379, 'Djoièzi', 38),
(380, 'Moya', 38),
(381, 'Kinshasa', 39),
(382, 'Lubumbashi', 39),
(383, 'Mbuji-Mayi', 39),
(384, 'Kisangani', 39),
(385, 'Kananga', 39),
(386, 'Bukavu', 39),
(387, 'Likasi', 39),
(388, 'Matadi', 39),
(389, 'Mbandaka', 39),
(390, 'Goma', 39),
(391, 'Brazzaville', 40),
(392, 'Pointe-Noire', 40),
(393, 'Dolisie', 40),
(394, 'Nkayi', 40),
(395, 'Owando', 40),
(396, 'Ouesso', 40),
(397, 'Loandjili', 40),
(398, 'Sibiti', 40),
(399, 'Gamboma', 40),
(400, 'Madingou', 40),
(401, 'San José', 41),
(402, 'Limón', 41),
(403, 'Alajuela', 41),
(404, 'Heredia', 41),
(405, 'Cartago', 41),
(406, 'Puntarenas', 41),
(407, 'Liberia', 41),
(408, 'San Isidro de El General', 41),
(409, 'Quesada', 41),
(410, 'Curridabat', 41),
(411, 'Zagreb', 42),
(412, 'Split', 42),
(413, 'Rijeka', 42),
(414, 'Osijek', 42),
(415, 'Zadar', 42),
(416, 'Pula', 42),
(417, 'Slavonski Brod', 42),
(418, 'Karlovac', 42),
(419, 'Sisak', 42),
(420, 'Varazdin', 42),
(421, 'Havana', 43),
(422, 'Santiago de Cuba', 43),
(423, 'Camagüey', 43),
(424, 'Holguín', 43),
(425, 'Santa Clara', 43),
(426, 'Guantánamo', 43),
(427, 'Bayamo', 43),
(428, 'Cienfuegos', 43),
(429, 'Pinar del Río', 43),
(430, 'Matanzas', 43),
(431, 'Nicosia', 44),
(432, 'Limassol', 44),
(433, 'Larnaca', 44),
(434, 'Famagusta', 44),
(435, 'Paphos', 44),
(436, 'Kyrenia', 44),
(437, 'Morphou', 44),
(438, 'Paralimni', 44),
(439, 'Protaras', 44),
(440, 'Kokkinochoria', 44),
(441, 'Prague', 45),
(442, 'Brno', 45),
(443, 'Ostrava', 45),
(444, 'Plzeň', 45),
(445, 'Liberec', 45),
(446, 'Olomouc', 45),
(447, 'Ústí nad Labem', 45),
(448, 'Hradec Králové', 45),
(449, 'České Budějovice', 45),
(450, 'Pardubice', 45),
(451, 'Copenhagen', 46),
(452, 'Aarhus', 46),
(453, 'Odense', 46),
(454, 'Aalborg', 46),
(455, 'Esbjerg', 46),
(456, 'Randers', 46),
(457, 'Kolding', 46),
(458, 'Horsens', 46),
(459, 'Vejle', 46),
(460, 'Roskilde', 46),
(461, 'Djibouti City', 47),
(462, 'Tadjoura', 47),
(463, 'Ali Sabieh', 47),
(464, 'Dikhil', 47),
(465, 'Obock', 47),
(466, 'Arta', 47),
(467, 'Yoboki', 47),
(468, 'Balho', 47),
(469, 'Randa', 47),
(470, 'Holhol', 47),
(471, 'Roseau', 48),
(472, 'Portsmouth', 48),
(473, 'Marigot', 48),
(474, 'Mahaut', 48),
(475, 'Salisbury', 48),
(476, 'Castle Bruce', 48),
(477, 'Grand Bay', 48),
(478, 'La Plaine', 48),
(479, 'Saint Joseph', 48),
(480, 'Calibishie', 48),
(481, 'Santo Domingo', 49),
(482, 'Santiago de los Caballeros', 49),
(483, 'La Romana', 49),
(484, 'San Pedro de Macorís', 49),
(485, 'Punta Cana', 49),
(486, 'Puerto Plata', 49),
(487, 'San Francisco de Macorís', 49),
(488, 'La Vega', 49),
(489, 'Moca', 49),
(490, 'Higüey', 49),
(491, 'Quito', 50),
(492, 'Guayaquil', 50),
(493, 'Cuenca', 50),
(494, 'Santo Domingo', 50),
(495, 'Machala', 50),
(496, 'Durán', 50),
(497, 'Manta', 50),
(498, 'Portoviejo', 50),
(499, 'Loja', 50),
(500, 'Ambato', 50),
(501, 'Cairo', 51),
(502, 'Alexandria', 51),
(503, 'Giza', 51),
(504, 'Shubra El-Kheima', 51),
(505, 'Port Said', 51),
(506, 'Suez', 51),
(507, 'Luxor', 51),
(508, 'Mansoura', 51),
(510, 'Asyut', 51),
(511, 'Ismailia', 51),
(512, 'Fayyum', 51),
(513, 'Zagazig', 51),
(514, 'Aswan', 51),
(515, 'Damietta', 51),
(516, 'Damanhur', 51),
(517, 'El-Mahalla El-Kubra', 51),
(518, 'Beni Suef', 51),
(519, 'Hurghada', 51),
(520, 'San Salvador', 52),
(521, 'Santa Ana', 52),
(522, 'San Miguel', 52),
(523, 'Mejicanos', 52),
(524, 'Soyapango', 52),
(525, 'Apopa', 52),
(526, 'Delgado', 52),
(527, 'Sonsonate', 52),
(528, 'Usulután', 52),
(529, 'San Marcos', 52),
(530, 'Malabo', 53),
(531, 'Bata', 53),
(532, 'Ebebiyín', 53),
(533, 'Aconibe', 53),
(534, 'Anisoc', 53),
(535, 'Luba', 53),
(536, 'Evinayong', 53),
(537, 'Mongomo', 53),
(538, 'Mikomeseng', 53),
(539, 'Rebola', 53),
(540, 'Asmara', 54),
(541, 'Massawa', 54),
(542, 'Keren', 54),
(543, 'Assab', 54),
(544, 'Mendefera', 54),
(545, 'Barentu', 54),
(546, 'Adi Keyh', 54),
(547, 'Edd', 54),
(548, 'Adi Quala', 54),
(549, 'Teseney', 54),
(550, 'Tallinn', 55),
(551, 'Tartu', 55),
(552, 'Narva', 55),
(553, 'Pärnu', 55),
(554, 'Kohtla-Järve', 55),
(555, 'Viljandi', 55),
(556, 'Rakvere', 55),
(557, 'Sillamäe', 55),
(558, 'Maardu', 55),
(559, 'Kuressaare', 55),
(560, 'Mbabane', 56),
(561, 'Manzini', 56),
(562, 'Lobamba', 56),
(563, 'Siteki', 56),
(564, 'Nhlangano', 56),
(565, 'Big Bend', 56),
(566, 'Malkerns', 56),
(567, 'Mhlume', 56),
(568, 'Piggs Peak', 56),
(569, 'Hluti', 56),
(570, 'Addis Ababa', 57),
(571, 'Dire Dawa', 57),
(572, 'Mekelle', 57),
(573, 'Gondar', 57),
(574, 'Hawassa', 57),
(575, 'Adama', 57),
(576, 'Bahir Dar', 57),
(577, 'Jimma', 57),
(578, 'Jijiga', 57),
(579, 'Dessie', 57),
(580, 'Suva', 58),
(581, 'Lautoka', 58),
(582, 'Nadi', 58),
(583, 'Labasa', 58),
(584, 'Ba', 58),
(585, 'Levuka', 58),
(586, 'Savusavu', 58),
(587, 'Nausori', 58),
(588, 'Sigatoka', 58),
(589, 'Rakiraki', 58),
(590, 'Helsinki', 59),
(591, 'Espoo', 59),
(592, 'Tampere', 59),
(593, 'Vantaa', 59),
(594, 'Oulu', 59),
(595, 'Turku', 59),
(596, 'Jyväskylä', 59),
(597, 'Lahti', 59),
(598, 'Kuopio', 59),
(599, 'Pori', 59),
(600, 'Paris', 60),
(601, 'Marseille', 60),
(602, 'Lyon', 60),
(603, 'Toulouse', 60),
(604, 'Nice', 60),
(605, 'Nantes', 60),
(606, 'Strasbourg', 60),
(607, 'Montpellier', 60),
(608, 'Bordeaux', 60),
(609, 'Lille', 60),
(610, 'Libreville', 61),
(611, 'Port-Gentil', 61),
(612, 'Franceville', 61),
(613, 'Oyem', 61),
(614, 'Moanda', 61),
(615, 'Mouila', 61),
(616, 'Lambaréné', 61),
(617, 'Tchibanga', 61),
(618, 'Koulamoutou', 61),
(619, 'Makokou', 61),
(620, 'Banjul', 62),
(621, 'Serekunda', 62),
(622, 'Brikama', 62),
(623, 'Bakau', 62),
(624, 'Farafenni', 62),
(625, 'Lamin', 62),
(626, 'Gunjur', 62),
(627, 'Sukuta', 62),
(628, 'Basse Santa Su', 62),
(629, 'Kololi', 62),
(630, 'Tbilisi', 63),
(631, 'Kutaisi', 63),
(632, 'Batumi', 63),
(633, 'Rustavi', 63),
(634, 'Zugdidi', 63),
(635, 'Gori', 63),
(636, 'Poti', 63),
(637, 'Samtredia', 63),
(638, 'Khashuri', 63),
(639, 'Senaki', 63),
(640, 'Berlin', 64),
(641, 'Hamburg', 64),
(642, 'Munich', 64),
(643, 'Cologne', 64),
(644, 'Frankfurt', 64),
(645, 'Stuttgart', 64),
(646, 'Düsseldorf', 64),
(647, 'Dortmund', 64),
(648, 'Essen', 64),
(649, 'Leipzig', 64),
(650, 'Accra', 65),
(651, 'Kumasi', 65),
(652, 'Tamale', 65),
(653, 'Takoradi', 65),
(654, 'Tema', 65),
(655, 'Cape Coast', 65),
(656, 'Sekondi-Takoradi', 65),
(657, 'Obuasi', 65),
(658, 'Koforidua', 65),
(659, 'Sunyani', 65),
(660, 'Athens', 66),
(661, 'Thessaloniki', 66),
(662, 'Patras', 66),
(663, 'Heraklion', 66),
(664, 'Larissa', 66),
(665, 'Volos', 66),
(666, 'Ioannina', 66),
(667, 'Chania', 66),
(668, 'Chalcis', 66),
(669, 'Kavala', 66),
(670, 'St. George\'s', 67),
(671, 'Gouyave', 67),
(672, 'Grenville', 67),
(673, 'Victoria', 67),
(674, 'Sauteurs', 67),
(675, 'Hillsborough', 67),
(676, 'Birch Grove', 67),
(677, 'Grand Roy', 67),
(678, 'Chantimelle', 67),
(679, 'Petit Martinique', 67),
(680, 'Guatemala City', 68),
(681, 'Mixco', 68),
(682, 'Villa Nueva', 68),
(683, 'Quetzaltenango', 68),
(684, 'Escuintla', 68),
(685, 'San Juan Sacatepéquez', 68),
(686, 'Villa Canales', 68),
(687, 'Chinautla', 68),
(688, 'Chimaltenango', 68),
(689, 'Petapa', 68),
(690, 'Conakry', 69),
(691, 'Nzérékoré', 69),
(692, 'Kankan', 69),
(693, 'Kindia', 69),
(694, 'Boké', 69),
(695, 'Labé', 69),
(696, 'Kissidougou', 69),
(697, 'Gueckedou', 69),
(698, 'Koubia', 69),
(699, 'Fria', 69),
(700, 'Bissau', 70),
(701, 'Bafatá', 70),
(702, 'Gabú', 70),
(703, 'Bissora', 70),
(704, 'Bolama', 70),
(705, 'Cacheu', 70),
(706, 'Bubaque', 70),
(707, 'Catió', 70),
(708, 'Farim', 70),
(709, 'Quinhámel', 70),
(710, 'Georgetown', 71),
(711, 'Linden', 71),
(712, 'New Amsterdam', 71),
(713, 'Bartica', 71),
(714, 'Skeldon', 71),
(715, 'Rosignol', 71),
(716, 'Mahaica Village', 71),
(717, 'Vreed en Hoop', 71),
(718, 'Fort Wellington', 71),
(719, 'Mahaicony Village', 71),
(720, 'Port-au-Prince', 72),
(721, 'Carrefour', 72),
(722, 'Delmas', 72),
(723, 'Pétion-Ville', 72),
(724, 'Port-de-Paix', 72),
(725, 'Jacmel', 72),
(726, 'Cap-Haïtien', 72),
(727, 'Léogâne', 72),
(728, 'Les Cayes', 72),
(729, 'Saint-Marc', 72),
(730, 'Tegucigalpa', 73),
(731, 'San Pedro Sula', 73),
(732, 'Choloma', 73),
(733, 'La Ceiba', 73),
(734, 'El Progreso', 73),
(735, 'Ciudad Choluteca', 73),
(736, 'Comayagua', 73),
(737, 'Puerto Cortés', 73),
(738, 'La Lima', 73),
(739, 'Danlí', 73),
(740, 'Budapest', 74),
(741, 'Debrecen', 74),
(742, 'Szeged', 74),
(743, 'Miskolc', 74),
(744, 'Pécs', 74),
(745, 'Győr', 74),
(746, 'Nyíregyháza', 74),
(747, 'Kecskemét', 74),
(748, 'Székesfehérvár', 74),
(749, 'Szombathely', 74),
(750, 'Reykjavík', 75),
(751, 'Kópavogur', 75),
(752, 'Hafnarfjörður', 75),
(753, 'Akureyri', 75),
(754, 'Reykjanesbær', 75),
(755, 'Garðabær', 75),
(756, 'Mosfellsbær', 75),
(757, 'Árborg', 75),
(758, 'Akranes', 75),
(759, 'Fjarðabyggð', 75),
(760, 'Mumbai', 76),
(761, 'Delhi', 76),
(762, 'Bangalore', 76),
(763, 'Hyderabad', 76),
(764, 'Ahmedabad', 76),
(765, 'Chennai', 76),
(766, 'Kolkata', 76),
(767, 'Surat', 76),
(768, 'Pune', 76),
(769, 'Jaipur', 76),
(770, 'Jakarta', 77),
(771, 'Surabaya', 77),
(772, 'Bandung', 77),
(773, 'Medan', 77),
(774, 'Semarang', 77),
(775, 'Tangerang', 77),
(776, 'Depok', 77),
(777, 'Palembang', 77),
(778, 'Makassar', 77),
(779, 'Batam', 77),
(780, 'Tehran', 78),
(781, 'Mashhad', 78),
(782, 'Isfahan', 78),
(783, 'Karaj', 78),
(784, 'Tabriz', 78),
(785, 'Shiraz', 78),
(786, 'Qom', 78),
(787, 'Ahvaz', 78),
(788, 'Kermanshah', 78),
(789, 'Urmia', 78),
(790, 'Baghdad', 79),
(791, 'Basra', 79),
(792, 'Sulaymaniyah', 79),
(793, 'Erbil', 79),
(794, 'Najaf', 79),
(795, 'Karbala', 79),
(796, 'Mosul', 79),
(797, 'Duhok', 79),
(798, 'Ramadi', 79),
(799, 'Kirkuk', 79),
(800, 'Dublin', 80),
(801, 'Cork', 80),
(802, 'Limerick', 80),
(803, 'Galway', 80),
(804, 'Waterford', 80),
(805, 'Drogheda', 80),
(806, 'Dundalk', 80),
(807, 'Sligo', 80),
(808, 'Bray', 80),
(809, 'Navan', 80),
(810, 'Jerusalem', 81),
(811, 'Tel Aviv', 81),
(812, 'Haifa', 81),
(813, 'Rishon LeZion', 81),
(814, 'Petah Tikva', 81),
(815, 'Ashdod', 81),
(816, 'Netanya', 81),
(817, 'Beer Sheva', 81),
(818, 'Holon', 81),
(819, 'Bnei Brak', 81),
(820, 'Rome', 82),
(821, 'Milan', 82),
(822, 'Naples', 82),
(823, 'Turin', 82),
(824, 'Palermo', 82),
(825, 'Genoa', 82),
(826, 'Bologna', 82),
(827, 'Florence', 82),
(828, 'Bari', 82),
(829, 'Catania', 82),
(830, 'Kingston', 83),
(831, 'Spanish Town', 83),
(832, 'Portmore', 83),
(833, 'Montego Bay', 83),
(834, 'Mandeville', 83),
(835, 'May Pen', 83),
(836, 'Old Harbour', 83),
(837, 'Linstead', 83),
(838, 'Half Way Tree', 83),
(839, 'Savanna-la-Mar', 83),
(840, 'Tokyo', 84),
(841, 'Yokohama', 84),
(842, 'Osaka', 84),
(843, 'Nagoya', 84),
(844, 'Sapporo', 84),
(845, 'Fukuoka', 84),
(846, 'Kobe', 84),
(847, 'Kyoto', 84),
(848, 'Kawasaki', 84),
(849, 'Saitama', 84),
(850, 'Amman', 85),
(851, 'Zarqa', 85),
(852, 'Irbid', 85),
(853, 'Russeifa', 85),
(854, 'Wadi Al Seer', 85),
(855, 'Al Quwaysimah', 85),
(856, 'Aqaba', 85),
(857, 'Madaba', 85),
(858, 'As Salt', 85),
(859, 'Ar Ramtha', 85),
(860, 'Nur-Sultan', 86),
(861, 'Almaty', 86),
(862, 'Karaganda', 86),
(863, 'Shymkent', 86),
(864, 'Aktobe', 86),
(865, 'Taraz', 86),
(866, 'Pavlodar', 86),
(867, 'Ust-Kamenogorsk', 86),
(868, 'Semey', 86),
(869, 'Kostanay', 86),
(870, 'Nairobi', 87),
(871, 'Mombasa', 87),
(872, 'Kisumu', 87),
(873, 'Nakuru', 87),
(874, 'Eldoret', 87),
(875, 'Thika', 87),
(876, 'Malindi', 87),
(877, 'Kitale', 87),
(878, 'Garissa', 87),
(879, 'Kakamega', 87),
(880, 'South Tarawa', 88),
(881, 'Betio Village', 88),
(882, 'Bikenibeu Village', 88),
(883, 'Teaoraereke', 88),
(884, 'Butaritari', 88),
(885, 'Bairiki Village', 88),
(886, 'Temaraia Village', 88),
(887, 'Rawannawi Village', 88),
(888, 'Tabwakea Village', 88),
(889, 'Utiroa Village', 88),
(890, 'Pristina', 89),
(891, 'Pec', 89),
(892, 'Gjakova', 89),
(893, 'Mitrovica', 89),
(894, 'Ferizaj', 89),
(895, 'Prizren', 89),
(896, 'Gjilan', 89),
(897, 'Vushtrri', 89),
(898, 'Suva Reka', 89),
(899, 'Orahovac', 89),
(900, 'Kuwait City', 90),
(901, 'Al Ahmadi', 90),
(902, 'Hawalli', 90),
(903, 'As Salimiyah', 90),
(904, 'Sabah as Salim', 90),
(905, 'Al Farwaniyah', 90),
(906, 'Al Fahahil', 90),
(907, 'Ar Riqqah', 90),
(908, 'Salwa', 90),
(909, 'Ar Rumaythiyah', 90),
(910, 'Bishkek', 91),
(911, 'Osh', 91),
(912, 'Jalal-Abad', 91),
(913, 'Karakol', 91),
(914, 'Tokmok', 91),
(915, 'Kyzyl-Kyya', 91),
(916, 'Talas', 91),
(917, 'Batken', 91),
(918, 'Kant', 91),
(919, 'Naryn', 91),
(920, 'Vientiane', 92),
(921, 'Pakxe', 92),
(922, 'Savannakhet', 92),
(923, 'Luang Prabang', 92),
(924, 'Xam Nua', 92),
(925, 'Thakhek', 92),
(926, 'Muang Xay', 92),
(927, 'Paksan', 92),
(928, 'Vang Vieng', 92),
(929, 'Xaignabouli', 92),
(930, 'Riga', 93),
(931, 'Daugavpils', 93),
(932, 'Liepāja', 93),
(933, 'Jelgava', 93),
(934, 'Jūrmala', 93),
(935, 'Ventspils', 93),
(936, 'Rēzekne', 93),
(937, 'Valmiera', 93),
(938, 'Ogre', 93),
(939, 'Tukums', 93),
(940, 'Beirut', 94),
(941, 'Tripoli', 94),
(942, 'Sidon', 94),
(943, 'Tyre', 94),
(944, 'Jounieh', 94),
(945, 'Zahle', 94),
(946, 'Byblos', 94),
(947, 'Batroun', 94),
(948, 'Baabda', 94),
(949, 'Jbail', 94),
(950, 'Maseru', 95),
(951, 'Teyateyaneng', 95),
(952, 'Mafeteng', 95),
(953, 'Hlotse', 95),
(954, 'Mohale\'s Hoek', 95),
(955, 'Maputsoe', 95),
(956, 'Qacha\'s Nek', 95),
(957, 'Quthing', 95),
(958, 'Butha-Buthe', 95),
(959, 'Mokhotlong', 95),
(960, 'Monrovia', 96),
(961, 'Gbarnga', 96),
(962, 'Kakata', 96),
(963, 'Bensonville', 96),
(964, 'Harper', 96),
(965, 'Voinjama', 96),
(966, 'Buchanan', 96),
(967, 'Zwedru', 96),
(968, 'New Yekepa', 96),
(969, 'Greenville', 96),
(970, 'Tripoli', 97),
(971, 'Benghazi', 97),
(972, 'Misrata', 97),
(973, 'Tarhuna', 97),
(974, 'Zawiya', 97),
(975, 'Zliten', 97),
(976, 'Al Khums', 97),
(977, 'Sirte', 97),
(978, 'Sabha', 97),
(979, 'Derna', 97),
(980, 'Vaduz', 98),
(981, 'Schaan', 98),
(982, 'Balzers', 98),
(983, 'Triesen', 98),
(984, 'Eschen', 98),
(985, 'Mauren', 98),
(986, 'Ruggell', 98),
(987, 'Gamprin', 98),
(988, 'Planken', 98),
(989, 'Schellenberg', 98),
(990, 'Vilnius', 99),
(991, 'Kaunas', 99),
(992, 'Klaipėda', 99),
(993, 'Šiauliai', 99),
(994, 'Panevėžys', 99),
(995, 'Alytus', 99),
(996, 'Marijampolė', 99),
(997, 'Mažeikiai', 99),
(998, 'Jonava', 99),
(999, 'Utena', 99),
(1000, 'Luxembourg City', 100),
(1001, 'Esch-sur-Alzette', 100),
(1002, 'Differdange', 100),
(1003, 'Dudelange', 100),
(1004, 'Ettelbruck', 100),
(1005, 'Diekirch', 100),
(1006, 'Wiltz', 100),
(1007, 'Rumelange', 100),
(1008, 'Grevenmacher', 100),
(1009, 'Echternach', 100),
(1010, 'Antananarivo', 101),
(1011, 'Toamasina', 101),
(1012, 'Antsirabe', 101),
(1013, 'Fianarantsoa', 101),
(1014, 'Mahajanga', 101),
(1015, 'Toliara', 101),
(1016, 'Antsiranana', 101),
(1017, 'Ambovombe', 101),
(1018, 'Ambilobe', 101),
(1019, 'Ambanja', 101),
(1020, 'Lilongwe', 102),
(1021, 'Blantyre', 102),
(1022, 'Mzuzu', 102),
(1023, 'Zomba', 102),
(1024, 'Kasungu', 102),
(1025, 'Mchinji', 102),
(1026, 'Karonga', 102),
(1027, 'Mulanje', 102),
(1028, 'Salima', 102),
(1029, 'Nkhotakota', 102),
(1030, 'Kuala Lumpur', 103),
(1031, 'George Town', 103),
(1032, 'Ipoh', 103),
(1033, 'Shah Alam', 103),
(1034, 'Petaling Jaya', 103),
(1035, 'Johor Bahru', 103),
(1036, 'Kuching', 103),
(1037, 'Kota Kinabalu', 103),
(1038, 'Alor Setar', 103),
(1039, 'Malacca City', 103),
(1040, 'Malé', 104),
(1041, 'Fuvahmulah', 104),
(1042, 'Hithadhoo', 104),
(1043, 'Kulhudhuffushi', 104),
(1044, 'Thinadhoo', 104),
(1045, 'Naifaru', 104),
(1046, 'Dhidhdhoo', 104),
(1047, 'Eydhafushi', 104),
(1048, 'Mahibadhoo', 104),
(1049, 'Manadhoo', 104),
(1050, 'Bamako', 105),
(1051, 'Sikasso', 105),
(1052, 'Mopti', 105),
(1053, 'Koutiala', 105),
(1054, 'Kayes', 105),
(1055, 'Ségou', 105),
(1056, 'Gao', 105),
(1057, 'Markala', 105),
(1058, 'Kolokani', 105),
(1059, 'Kati', 105),
(1060, 'Valletta', 106),
(1061, 'Birkirkara', 106),
(1062, 'Mosta', 106),
(1063, 'Qormi', 106),
(1064, 'Sliema', 106),
(1065, 'Żabbar', 106),
(1066, 'San Ġwann', 106),
(1067, 'Fgura', 106),
(1068, 'Zejtun', 106),
(1069, 'Rabat', 106),
(1070, 'Majuro', 107),
(1071, 'Ebeye', 107),
(1072, 'Arno', 107),
(1073, 'Wotje', 107),
(1074, 'Mili', 107),
(1075, 'Enewetak', 107),
(1076, 'Jabor', 107),
(1077, 'Kwajalein', 107),
(1078, 'Lae', 107),
(1079, 'Namdrik', 107),
(1080, 'Nouakchott', 108),
(1081, 'Nouadhibou', 108),
(1082, 'Kiffa', 108),
(1083, 'Zouérat', 108),
(1084, 'Rosso', 108),
(1085, 'Atar', 108),
(1086, 'Kaédi', 108),
(1087, 'Bogué', 108),
(1088, 'Aleg', 108),
(1089, 'Tidjikdja', 108),
(1090, 'Port Louis', 109),
(1091, 'Beau Bassin-Rose Hill', 109),
(1092, 'Vacoas-Phoenix', 109),
(1093, 'Curepipe', 109),
(1094, 'Quatre Bornes', 109),
(1095, 'Triolet', 109),
(1096, 'Goodlands', 109),
(1097, 'Centre de Flacq', 109),
(1098, 'Bel Air Rivière Sèche', 109),
(1099, 'Mahebourg', 109),
(1100, 'Mexico City', 110),
(1101, 'Ecatepec', 110),
(1102, 'Guadalajara', 110),
(1103, 'Puebla', 110),
(1104, 'Juárez', 110),
(1105, 'Tijuana', 110),
(1106, 'León', 110),
(1107, 'Zapopan', 110),
(1108, 'Monterrey', 110),
(1109, 'Nezahualcóyotl', 110),
(1110, 'Chisinau', 111),
(1111, 'Tiraspol', 111),
(1112, 'Bălți', 111),
(1113, 'Bender', 111),
(1114, 'Rîbnița', 111),
(1115, 'Cahul', 111),
(1116, 'Ungheni', 111),
(1117, 'Soroca', 111),
(1118, 'Orhei', 111),
(1119, 'Dubăsari', 111),
(1120, 'Monaco', 112),
(1121, 'Monte Carlo', 112),
(1122, 'La Condamine', 112),
(1123, 'Fontvieille', 112),
(1124, 'Moneghetti', 112),
(1125, 'Larvotto', 112),
(1126, 'Saint-Roman', 112),
(1127, 'Jardin Exotique', 112),
(1128, 'Les Moneghetti', 112),
(1129, 'Port Hercule', 112),
(1130, 'Ulaanbaatar', 113),
(1131, 'Erdenet', 113),
(1132, 'Darkhan', 113),
(1133, 'Choibalsan', 113),
(1134, 'Hovd', 113),
(1135, 'Olgii', 113),
(1136, 'Ulaangom', 113),
(1137, 'Murun-Kuren', 113),
(1138, 'Suhbaatar', 113),
(1139, 'Baruun-Urt', 113),
(1140, 'Podgorica', 114),
(1141, 'Nikšić', 114),
(1142, 'Herceg Novi', 114),
(1143, 'Pljevlja', 114),
(1144, 'Bijelo Polje', 114),
(1145, 'Cetinje', 114),
(1146, 'Bar', 114),
(1147, 'Berane', 114),
(1148, 'Ulcinj', 114),
(1149, 'Tivat', 114),
(1150, 'Plymouth', 115),
(1151, 'Brades', 115),
(1152, 'Casablanca', 116),
(1153, 'Rabat', 116),
(1154, 'Fes', 116),
(1155, 'Marrakesh', 116),
(1156, 'Agadir', 116),
(1157, 'Tangier', 116),
(1158, 'Meknes', 116),
(1159, 'Oujda', 116),
(1160, 'Kenitra', 116),
(1161, 'Tetouan', 116),
(1162, 'Maputo', 117),
(1163, 'Matola', 117),
(1164, 'Beira', 117),
(1165, 'Nampula', 117),
(1166, 'Chimoio', 117),
(1167, 'Nacala Porto', 117),
(1168, 'Quelimane', 117),
(1169, 'Tete', 117),
(1170, 'Xai-Xai', 117),
(1171, 'Maxixe', 117),
(1172, 'Yangon', 118),
(1173, 'Mandalay', 118),
(1174, 'Naypyidaw', 118),
(1175, 'Mawlamyine', 118),
(1176, 'Bago', 118),
(1177, 'Pathein', 118),
(1178, 'Monywa', 118),
(1179, 'Meiktila', 118),
(1180, 'Myeik', 118),
(1181, 'Taunggyi', 118),
(1182, 'Windhoek', 119),
(1183, 'Rundu', 119),
(1184, 'Walvis Bay', 119),
(1185, 'Oshakati', 119),
(1186, 'Swakopmund', 119),
(1187, 'Katima Mulilo', 119),
(1188, 'Grootfontein', 119),
(1189, 'Rehoboth', 119),
(1190, 'Otjiwarongo', 119),
(1191, 'Okahandja', 119),
(1192, 'Yaren', 120),
(1193, 'Denigomodu', 120),
(1194, 'Aiwo', 120),
(1195, 'Anabar', 120),
(1196, 'Anetan', 120),
(1197, 'Anibare', 120),
(1198, 'Baiti', 120),
(1199, 'Boe', 120),
(1200, 'Buada', 120),
(1201, 'Kathmandu', 121),
(1202, 'Pokhara', 121),
(1203, 'Patan', 121),
(1204, 'Biratnagar', 121),
(1205, 'Dharan', 121),
(1206, 'Bharatpur', 121),
(1207, 'Janakpur', 121),
(1208, 'Hetauda', 121),
(1209, 'Butwal', 121),
(1210, 'Birganj', 121),
(1211, 'Amsterdam', 122),
(1212, 'Rotterdam', 122),
(1213, 'The Hague', 122),
(1214, 'Utrecht', 122),
(1215, 'Eindhoven', 122),
(1216, 'Tilburg', 122),
(1217, 'Groningen', 122),
(1218, 'Almere Stad', 122),
(1219, 'Breda', 122),
(1220, 'Nijmegen', 122),
(1221, 'Auckland', 123),
(1222, 'Wellington', 123),
(1223, 'Christchurch', 123),
(1224, 'Hamilton', 123),
(1225, 'Tauranga', 123),
(1226, 'Lower Hutt', 123),
(1227, 'Dunedin', 123),
(1228, 'Palmerston North', 123),
(1229, 'Napier', 123),
(1230, 'Hastings', 123),
(1231, 'Managua', 124),
(1232, 'León', 124),
(1233, 'Masaya', 124),
(1234, 'Tipitapa', 124),
(1235, 'Chinandega', 124),
(1236, 'Matagalpa', 124),
(1237, 'Estelí', 124),
(1238, 'Granada', 124),
(1239, 'Juigalpa', 124),
(1240, 'Bluefields', 124),
(1241, 'Niamey', 125),
(1242, 'Zinder', 125),
(1243, 'Maradi', 125),
(1244, 'Agadez', 125),
(1245, 'Alaghsas', 125),
(1246, 'Arlit', 125),
(1247, 'Birni-N\'Konni', 125),
(1248, 'Dosso', 125),
(1249, 'Gaya', 125),
(1250, 'Tahoua', 125),
(1251, 'Lagos', 126),
(1252, 'Kano', 126),
(1253, 'Ibadan', 126),
(1254, 'Kaduna', 126),
(1255, 'Port Harcourt', 126),
(1256, 'Benin City', 126),
(1257, 'Maiduguri', 126),
(1258, 'Zaria', 126),
(1259, 'Abuja', 126),
(1260, 'Aba', 126),
(1271, 'Lagos', 127),
(1272, 'Kano', 127),
(1273, 'Ibadan', 127),
(1274, 'Kaduna', 127),
(1275, 'Port Harcourt', 127),
(1276, 'Benin City', 127),
(1277, 'Maiduguri', 127),
(1278, 'Zaria', 127),
(1279, 'Abuja', 127),
(1280, 'Aba', 127),
(1281, 'Saipan', 128),
(1282, 'Garapan', 128),
(1283, 'San Jose', 128),
(1284, 'Kagman', 128),
(1285, 'Chalan Kanoa', 128),
(1286, 'Rota', 128),
(1287, 'Tinian', 128),
(1288, 'Oslo', 129),
(1289, 'Bergen', 129),
(1290, 'Stavanger', 129),
(1291, 'Trondheim', 129),
(1292, 'Drammen', 129),
(1293, 'Fredrikstad', 129),
(1294, 'Kristiansand', 129),
(1295, 'Sandnes', 129),
(1296, 'Tromsø', 129),
(1297, 'Sarpsborg', 129),
(1298, 'Muscat', 130),
(1299, 'Seeb', 130),
(1300, 'Salalah', 130),
(1301, 'Bawshar', 130),
(1302, 'Sohar', 130),
(1303, 'As Sib', 130),
(1304, 'Rustaq', 130),
(1305, 'Sur', 130),
(1306, 'Nizwa', 130),
(1307, 'Ibri', 130),
(1308, 'Karachi', 131),
(1309, 'Lahore', 131),
(1310, 'Faisalabad', 131),
(1311, 'Rawalpindi', 131),
(1312, 'Islamabad', 131),
(1313, 'Multan', 131),
(1314, 'Hyderabad', 131),
(1315, 'Gujranwala', 131),
(1316, 'Peshawar', 131),
(1317, 'Quetta', 131),
(1318, 'Ngerulmud', 132),
(1319, 'Koror', 132),
(1320, 'Melekeok', 132),
(1321, 'Airai', 132),
(1322, 'Ngaraard', 132),
(1323, 'Ngarchelong', 132),
(1324, 'Ngatpang', 132),
(1325, 'Ngchesar', 132),
(1326, 'Ngiwal', 132),
(1327, 'Peleliu', 132),
(1328, 'Panama City', 133),
(1329, 'San Miguelito', 133),
(1330, 'Tocumen', 133),
(1331, 'David', 133),
(1332, 'Arraiján', 133),
(1333, 'Colón', 133),
(1334, 'Las Cumbres', 133),
(1335, 'La Chorrera', 133),
(1336, 'Pacora', 133),
(1337, 'Santiago de Veraguas', 133),
(1338, 'Port Moresby', 134),
(1339, 'Lae', 134),
(1340, 'Arawa', 134),
(1341, 'Mount Hagen', 134),
(1342, 'Popondetta', 134),
(1343, 'Madang', 134),
(1344, 'Kokopo', 134),
(1345, 'Mendi', 134),
(1346, 'Kimbe', 134),
(1347, 'Goroka', 134),
(1348, 'Asunción', 135),
(1349, 'Ciudad del Este', 135),
(1350, 'San Lorenzo', 135),
(1351, 'Luque', 135),
(1352, 'Capiatá', 135),
(1353, 'Lambaré', 135),
(1354, 'Fernando de la Mora', 135),
(1355, 'Limpio', 135),
(1356, 'Ñemby', 135),
(1357, 'Encarnación', 135),
(1358, 'Lima', 136),
(1359, 'Arequipa', 136),
(1360, 'Trujillo', 136),
(1361, 'Chiclayo', 136),
(1362, 'Callao', 136),
(1363, 'Iquitos', 136),
(1364, 'Huancayo', 136),
(1365, 'Piura', 136),
(1366, 'Cusco', 136),
(1367, 'Chimbote', 136),
(1368, 'Quezon City', 137),
(1369, 'Manila', 137),
(1370, 'Davao City', 137),
(1371, 'Caloocan', 137),
(1372, 'Cebu City', 137),
(1373, 'Zamboanga City', 137),
(1374, 'Taguig', 137),
(1375, 'Pasig', 137),
(1376, 'Antipolo', 137),
(1377, 'Cagayan de Oro', 137),
(1378, 'Warsaw', 138),
(1379, 'Kraków', 138),
(1380, 'Łódź', 138),
(1381, 'Wrocław', 138),
(1382, 'Poznań', 138),
(1383, 'Gdańsk', 138),
(1384, 'Szczecin', 138),
(1385, 'Bydgoszcz', 138),
(1386, 'Lublin', 138),
(1387, 'Białystok', 138),
(1388, 'Lisbon', 139),
(1389, 'Porto', 139),
(1390, 'Amadora', 139),
(1391, 'Braga', 139),
(1392, 'Coimbra', 139),
(1393, 'Funchal', 139),
(1394, 'Setúbal', 139),
(1395, 'Queluz', 139),
(1396, 'Aveiro', 139),
(1397, 'Évora', 139),
(1398, 'Doha', 140),
(1399, 'Al Rayyan', 140),
(1400, 'Umm Salal', 140),
(1401, 'Al Wakrah', 140),
(1402, 'Al Khor', 140),
(1403, 'Al Zubara', 140),
(1404, 'Mesaieed', 140),
(1405, 'Lusail', 140),
(1406, 'Ar-Rayyan', 140),
(1407, 'Al Daayen', 140),
(1408, 'Bucharest', 141),
(1409, 'Cluj-Napoca', 141),
(1410, 'Timișoara', 141),
(1411, 'Iași', 141),
(1412, 'Constanța', 141),
(1413, 'Craiova', 141),
(1414, 'Brașov', 141),
(1415, 'Galați', 141),
(1416, 'Ploiești', 141),
(1417, 'Oradea', 141),
(1418, 'Moscow', 142),
(1419, 'Saint Petersburg', 142),
(1420, 'Novosibirsk', 142),
(1421, 'Yekaterinburg', 142),
(1422, 'Nizhny Novgorod', 142),
(1423, 'Kazan', 142),
(1424, 'Chelyabinsk', 142),
(1425, 'Omsk', 142),
(1426, 'Samara', 142),
(1427, 'Rostov-on-Don', 142),
(1428, 'Kigali', 143),
(1429, 'Butare', 143),
(1430, 'Gitarama', 143),
(1431, 'Ruhengeri', 143),
(1432, 'Gisenyi', 143),
(1433, 'Byumba', 143),
(1434, 'Cyangugu', 143),
(1435, 'Kibuye', 143),
(1436, 'Nyamata', 143),
(1437, 'Kibungo', 143),
(1438, 'Basseterre', 144),
(1439, 'Charlestown', 144),
(1440, 'Dieppe Bay Town', 144),
(1441, 'Middle Island', 144),
(1442, 'Gingerland', 144),
(1443, 'Cotton Ground', 144),
(1444, 'Monkey Hill', 144),
(1445, 'New Castle', 144),
(1446, 'Old Road Town', 144),
(1447, 'Parson\'s Ground', 144),
(1448, 'Castries', 145),
(1449, 'Gros Islet', 145),
(1450, 'Vieux Fort', 145),
(1451, 'Micoud', 145),
(1452, 'Soufrière', 145),
(1453, 'Dennery', 145),
(1454, 'Canaries', 145),
(1455, 'Anse La Raye', 145),
(1456, 'Laborie', 145),
(1457, 'Choiseul', 145),
(1458, 'Kingstown', 146),
(1459, 'Georgetown', 146),
(1460, 'Byera Village', 146),
(1461, 'Barrouallie', 146),
(1462, 'Port Elizabeth', 146),
(1463, 'Chateaubelair', 146),
(1464, 'Dovers', 146),
(1465, 'Biabou', 146),
(1466, 'Layou', 146),
(1467, 'Calliaqua', 146),
(1468, 'Apia', 147),
(1469, 'Vaitele', 147),
(1470, 'Faleula', 147),
(1471, 'Fasito\'outa', 147),
(1472, 'Siusega', 147),
(1473, 'Nofoalii', 147),
(1474, 'Vaiusu', 147),
(1475, 'Malie', 147),
(1476, 'Afenga', 147),
(1477, 'Leulumoega', 147),
(1478, 'San Marino', 148),
(1479, 'Serravalle', 148),
(1480, 'Borgo Maggiore', 148),
(1481, 'Domagnano', 148),
(1482, 'Fiorentino', 148),
(1483, 'Acquaviva', 148),
(1484, 'Chiesanuova', 148),
(1485, 'Montegiardino', 148),
(1486, 'Faetano', 148),
(1487, 'Poggio di Chiesanuova', 148),
(1488, 'São Tomé', 149),
(1489, 'Neves', 149),
(1490, 'Guadalupe', 149),
(1491, 'Santo António', 149),
(1492, 'Santana', 149),
(1493, 'São João dos Angolares', 149),
(1494, 'Porto Alegre', 149),
(1495, 'Santa Cruz', 149),
(1496, 'Trindade', 149),
(1497, 'São Tomé International Airport', 149),
(1498, 'Riyadh', 150),
(1499, 'Jeddah', 150),
(1500, 'Mecca', 150),
(1501, 'Medina', 150),
(1502, 'Dammam', 150),
(1503, 'Tabuk', 150),
(1504, 'Buraidah', 150),
(1505, 'Khobar', 150),
(1506, 'Abha', 150),
(1507, 'Ta if', 150),
(1508, 'Dakar', 151),
(1509, 'Thiès', 151),
(1510, 'Kaolack', 151),
(1511, 'Ziguinchor', 151),
(1512, 'Saint-Louis', 151),
(1513, 'Tambacounda', 151),
(1514, 'Diourbel', 151),
(1515, 'Louga', 151),
(1516, 'Fatick', 151),
(1517, 'Kolda', 151),
(1518, 'Belgrade', 152),
(1519, 'Novi Sad', 152),
(1520, 'Niš', 152),
(1521, 'Kragujevac', 152),
(1522, 'Subotica', 152),
(1523, 'Zrenjanin', 152),
(1524, 'Pančevo', 152),
(1525, 'Čačak', 152),
(1526, 'Novi Pazar', 152),
(1527, 'Kraljevo', 152),
(1528, 'Victoria', 153),
(1529, 'Anse Royale', 153),
(1530, 'Beau Vallon', 153),
(1531, 'Anse Boileau', 153),
(1532, 'Bel Ombre', 153),
(1533, 'Cascade', 153),
(1534, 'Glacis', 153),
(1535, 'Anse Etoile', 153),
(1536, 'Port Glaud', 153),
(1537, 'Grand Anse Mahe', 153),
(1538, 'Freetown', 154),
(1539, 'Bo', 154),
(1540, 'Kenema', 154),
(1541, 'Koidu Town', 154),
(1542, 'Makeni', 154),
(1543, 'Port Loko', 154),
(1544, 'Lunsar', 154),
(1545, 'Magburaka', 154),
(1546, 'Kabala', 154),
(1547, 'Pujehun', 154),
(1548, 'Singapore', 155),
(1549, 'Jurong West', 155),
(1550, 'Tampines', 155),
(1551, 'Woodlands', 155),
(1552, 'Bedok', 155),
(1553, 'Punggol', 155),
(1554, 'Bukit Batok', 155),
(1555, 'Choa Chu Kang', 155),
(1556, 'Ang Mo Kio', 155),
(1557, 'Pasir Ris', 155),
(1558, 'Bratislava', 156),
(1559, 'Košice', 156),
(1560, 'Prešov', 156),
(1561, 'Žilina', 156),
(1562, 'Nitra', 156),
(1563, 'Banská Bystrica', 156),
(1564, 'Trnava', 156),
(1565, 'Martin', 156),
(1566, 'Trenčín', 156),
(1567, 'Poprad', 156),
(1568, 'Ljubljana', 157),
(1569, 'Maribor', 157),
(1570, 'Celje', 157),
(1571, 'Kranj', 157),
(1572, 'Velenje', 157),
(1573, 'Koper', 157),
(1574, 'Novo Mesto', 157),
(1575, 'Ptuj', 157),
(1576, 'Trbovlje', 157),
(1577, 'Nova Gorica', 157),
(1578, 'Honiara', 158),
(1579, 'Auki', 158),
(1580, 'Gizo', 158),
(1581, 'Kirakira', 158),
(1582, 'Lata', 158),
(1583, 'Taro Island', 158),
(1584, 'Buala', 158),
(1585, 'Tulagi', 158),
(1586, 'Yandina', 158),
(1587, 'Viru', 158),
(1588, 'Mogadishu', 159),
(1589, 'Hargeisa', 159),
(1590, 'Kismayo', 159),
(1591, 'Mereeg', 159),
(1592, 'Bosaso', 159),
(1593, 'Berbera', 159),
(1594, 'Jamaame', 159),
(1595, 'Marka', 159),
(1596, 'Baidoa', 159),
(1597, 'Garowe', 159),
(1598, 'Johannesburg', 160),
(1599, 'Cape Town', 160),
(1600, 'Durban', 160),
(1601, 'Pretoria', 160),
(1602, 'Port Elizabeth', 160),
(1603, 'Bloemfontein', 160),
(1604, 'East London', 160),
(1605, 'Polokwane', 160),
(1606, 'Nelspruit', 160),
(1607, 'Kimberley', 160),
(1608, 'Juba', 161),
(1609, 'Wau', 161),
(1610, 'Malakal', 161),
(1611, 'Bor', 161),
(1612, 'Aweil', 161),
(1613, 'Torit', 161),
(1614, 'Yei', 161),
(1615, 'Rumbek', 161),
(1616, 'Bentiu', 161),
(1617, 'Kapoeta', 161),
(1618, 'Madrid', 162),
(1619, 'Barcelona', 162),
(1620, 'Valencia', 162),
(1621, 'Seville', 162),
(1622, 'Bilbao', 162),
(1623, 'Málaga', 162),
(1624, 'Murcia', 162),
(1625, 'Palma', 162),
(1626, 'Las Palmas de Gran Canaria', 162),
(1627, 'Zaragoza', 162),
(1628, 'Colombo', 163),
(1629, 'Dehiwala-Mount Lavinia', 163),
(1630, 'Moratuwa', 163),
(1631, 'Jaffna', 163),
(1632, 'Negombo', 163),
(1633, 'Pita Kotte', 163),
(1634, 'Kandy', 163),
(1635, 'Trincomalee', 163),
(1636, 'Kalmunai', 163),
(1637, 'Galle', 163),
(1638, 'Khartoum', 164),
(1639, 'Omdurman', 164),
(1640, 'Port Sudan', 164),
(1641, 'Kassala', 164),
(1642, 'El Obeid', 164),
(1643, 'Al Qadarif', 164),
(1644, 'Kosti', 164),
(1645, 'Wad Madani', 164),
(1646, 'El Fasher', 164),
(1647, 'Nyala', 164),
(1648, 'Paramaribo', 165),
(1649, 'Lelydorp', 165),
(1650, 'Nieuw Nickerie', 165),
(1651, 'Moengo', 165),
(1652, 'Nieuw Amsterdam', 165),
(1653, 'Mariënburg', 165),
(1654, 'Wageningen', 165),
(1655, 'Albina', 165),
(1656, 'Groningen', 165),
(1657, 'Brownsweg', 165),
(1658, 'Stockholm', 166),
(1659, 'Gothenburg', 166),
(1660, 'Malmö', 166),
(1661, 'Uppsala', 166),
(1662, 'Linköping', 166),
(1663, 'Västerås', 166),
(1664, 'Örebro', 166),
(1665, 'Norrköping', 166),
(1666, 'Helsingborg', 166),
(1667, 'Jönköping', 166),
(1668, 'Zurich', 167),
(1669, 'Geneva', 167),
(1670, 'Basel', 167),
(1671, 'Bern', 167),
(1672, 'Lausanne', 167),
(1673, 'Lucerne', 167),
(1674, 'St. Gallen', 167),
(1675, 'Lugano', 167),
(1676, 'Winterthur', 167),
(1677, 'Zug', 167),
(1678, 'Damascus', 168),
(1679, 'Aleppo', 168),
(1680, 'Homs', 168),
(1681, 'Hama', 168),
(1682, 'Latakia', 168),
(1683, 'Palmyra', 168),
(1684, 'Deir ez-Zor', 168),
(1685, 'Raqqa', 168),
(1686, 'Daraa', 168),
(1687, 'Idlib', 168),
(1688, 'Taipei', 169),
(1689, 'New Taipei City', 169),
(1690, 'Taichung', 169),
(1691, 'Tainan', 169),
(1692, 'Kaohsiung', 169),
(1693, 'Keelung', 169),
(1694, 'Hsinchu', 169),
(1695, 'Chiayi', 169),
(1696, 'Taoyuan', 169),
(1697, 'Pingtung City', 169),
(1698, 'Dushanbe', 170),
(1699, 'Khujand', 170),
(1700, 'Kulob', 170),
(1701, 'Qurghonteppa', 170),
(1702, 'Istaravshan', 170),
(1703, 'Vahdat', 170),
(1704, 'Konibodom', 170),
(1705, 'Tursunzoda', 170),
(1706, 'Isfara', 170),
(1707, 'Panjakent', 170),
(1708, 'Dar es Salaam', 171),
(1709, 'Dodoma', 171),
(1710, 'Mwanza', 171),
(1711, 'Zanzibar City', 171),
(1712, 'Arusha', 171),
(1713, 'Mbeya', 171),
(1714, 'Morogoro', 171),
(1715, 'Tanga', 171),
(1716, 'Kigoma', 171),
(1717, 'Moshi', 171),
(1718, 'Bangkok', 172),
(1719, 'Phuket', 172),
(1720, 'Chiang Mai', 172),
(1721, 'Pattaya', 172),
(1722, 'Hua Hin', 172),
(1723, 'Krabi', 172),
(1724, 'Ayutthaya', 172),
(1725, 'Nakhon Ratchasima', 172),
(1726, 'Udon Thani', 172),
(1727, 'Samut Prakan', 172),
(1728, 'Dili', 173),
(1729, 'Same', 173),
(1730, 'Suai', 173),
(1731, 'Baucau', 173),
(1732, 'Lospalos', 173),
(1733, 'Maliana', 173),
(1734, 'Viqueque', 173),
(1735, 'Liquica', 173),
(1736, 'Aileu', 173),
(1737, 'Manatuto', 173),
(1738, 'Lomé', 174),
(1739, 'Sokodé', 174),
(1740, 'Kara', 174),
(1741, 'Palimé', 174),
(1742, 'Atakpamé', 174),
(1743, 'Bassar', 174),
(1744, 'Tsevie', 174),
(1745, 'Aneho', 174),
(1746, 'Sansanné-Mango', 174),
(1747, 'Dapaong', 174),
(1748, 'Nukuʻalofa', 175),
(1749, 'Neiafu', 175),
(1750, 'Haveluloto', 175),
(1751, 'Vaini', 175),
(1752, 'Pangai', 175),
(1753, '‘Ohonua', 175),
(1754, 'Nukunuku', 175),
(1755, 'Kolonga', 175),
(1756, '‘Eua', 175),
(1757, 'Niuafoʻou', 175),
(1758, 'Port of Spain', 176),
(1759, 'Chaguanas', 176),
(1760, 'San Fernando', 176),
(1761, 'Arima', 176),
(1762, 'Point Fortin', 176),
(1763, 'Scarborough', 176),
(1764, 'Tunapuna', 176),
(1765, 'Sangre Grande', 176),
(1766, 'Princes Town', 176),
(1767, 'Diego Martin', 176),
(1768, 'Tunis', 177),
(1769, 'Sfax', 177),
(1770, 'Sousse', 177),
(1771, 'Kairouan', 177),
(1772, 'Bizerte', 177),
(1773, 'Gabès', 177),
(1774, 'Ariana', 177),
(1775, 'Gafsa', 177),
(1776, 'El Mourouj', 177),
(1777, 'Ben Arous', 177),
(1778, 'Istanbul', 178),
(1779, 'Ankara', 178),
(1780, 'Izmir', 178),
(1781, 'Bursa', 178),
(1782, 'Antalya', 178),
(1783, 'Adana', 178),
(1784, 'Konya', 178),
(1785, 'Gaziantep', 178),
(1786, 'Mersin', 178),
(1787, 'Diyarbakır', 178),
(1788, 'Ashgabat', 179),
(1789, 'Turkmenabat', 179),
(1790, 'Daşoguz', 179),
(1791, 'Mary', 179),
(1792, 'Balkanabat', 179),
(1793, 'Bayramaly', 179),
(1794, 'Türkmenbaşy', 179),
(1795, 'Tejen', 179),
(1796, 'Abadan', 179),
(1797, 'Atamyrat', 179),
(1798, 'Funafuti', 180),
(1799, 'Fongafale', 180),
(1800, 'Vaiaku', 180),
(1801, 'Maneapa', 180),
(1802, 'Teava', 180),
(1803, 'Tanrake', 180),
(1804, 'Toga', 180),
(1805, 'Asau', 180),
(1806, 'Lolua', 180),
(1807, 'Vaiaku Lagi', 180),
(1808, 'Kampala', 181),
(1809, 'Gulu', 181),
(1810, 'Lira', 181),
(1811, 'Mbarara', 181),
(1812, 'Jinja', 181),
(1813, 'Bwizibwera', 181),
(1814, 'Mbale', 181),
(1815, 'Mukono', 181),
(1816, 'Kasese', 181),
(1817, 'Masaka', 181),
(1818, 'Kyiv', 182),
(1819, 'Kharkiv', 182),
(1820, 'Odesa', 182),
(1821, 'Dnipro', 182),
(1822, 'Donetsk', 182),
(1823, 'Zaporizhzhia', 182),
(1824, 'Lviv', 182),
(1825, 'Kryvyi Rih', 182),
(1826, 'Mykolaiv', 182),
(1827, 'Mariupol', 182),
(1828, 'Dubai', 183),
(1829, 'Abu Dhabi', 183),
(1830, 'Sharjah', 183),
(1831, 'Al Ain', 183),
(1832, 'Ajman', 183),
(1833, 'Ras Al Khaimah', 183),
(1834, 'Fujairah', 183),
(1835, 'Umm Al Quwain', 183),
(1836, 'Khor Fakkan', 183),
(1837, 'Kalba', 183),
(1838, 'London', 184),
(1839, 'Birmingham', 184),
(1840, 'Manchester', 184),
(1841, 'Glasgow', 184),
(1842, 'Liverpool', 184),
(1843, 'Edinburgh', 184),
(1844, 'Bristol', 184),
(1845, 'Leeds', 184),
(1846, 'Sheffield', 184),
(1847, 'Newcastle upon Tyne', 184),
(1848, 'New York City', 185),
(1849, 'Los Angeles', 185),
(1850, 'Chicago', 185),
(1851, 'Houston', 185),
(1852, 'Phoenix', 185),
(1853, 'Philadelphia', 185),
(1854, 'San Antonio', 185),
(1855, 'San Diego', 185),
(1856, 'Dallas', 185),
(1857, 'San Jose', 185),
(1858, 'Montevideo', 186),
(1859, 'Salto', 186),
(1860, 'Ciudad de la Costa', 186),
(1861, 'Paysandú', 186),
(1862, 'Las Piedras', 186),
(1863, 'Rivera', 186),
(1864, 'Maldonado', 186),
(1865, 'Tacuarembó', 186),
(1866, 'Melo', 186),
(1867, 'Mercedes', 186),
(1868, 'Tashkent', 187),
(1869, 'Namangan', 187),
(1870, 'Samarkand', 187),
(1871, 'Andijan', 187),
(1872, 'Bukhara', 187),
(1873, 'Nukus', 187),
(1874, 'Qarshi', 187),
(1875, 'Fergana', 187),
(1876, 'Jizzakh', 187),
(1877, 'Urgench', 187),
(1878, 'Port Vila', 188),
(1879, 'Luganville', 188),
(1880, 'Norsup', 188),
(1881, 'Isangel', 188),
(1882, 'Lakatoro', 188),
(1883, 'Sola', 188),
(1884, 'Saratamata', 188),
(1885, 'Longana', 188),
(1886, 'Lénakel', 188),
(1887, 'Lamap', 188),
(1888, 'Vatican City', 189),
(1889, 'Caracas', 190),
(1890, 'Maracaibo', 190),
(1891, 'Valencia', 190),
(1892, 'Barquisimeto', 190),
(1893, 'Maracay', 190),
(1894, 'Ciudad Guayana', 190),
(1895, 'San Cristóbal', 190),
(1896, 'Barinas', 190),
(1897, 'Maturín', 190),
(1898, 'Puerto La Cruz', 190),
(1899, 'Ho Chi Minh City', 191),
(1900, 'Hanoi', 191),
(1901, 'Da Nang', 191),
(1902, 'Haiphong', 191),
(1903, 'Can Tho', 191),
(1904, 'Bien Hoa', 191),
(1905, 'Hue', 191),
(1906, 'Nha Trang', 191),
(1907, 'Buon Ma Thuot', 191),
(1908, 'Vung Tau', 191),
(1909, 'Sanaa', 192),
(1910, 'Aden', 192),
(1911, 'Taiz', 192),
(1912, 'Hodeidah', 192),
(1913, 'Al Mukalla', 192),
(1914, 'Ibb', 192),
(1915, 'Dhamar', 192),
(1916, 'Sayyan', 192),
(1917, 'Zinjibar', 192),
(1918, 'Saada', 192),
(1919, 'Lusaka', 193),
(1920, 'Kitwe', 193),
(1921, 'Ndola', 193),
(1922, 'Kabwe', 193),
(1923, 'Chingola', 193),
(1924, 'Mufulira', 193),
(1925, 'Luanshya', 193),
(1926, 'Livingstone', 193),
(1927, 'Kasama', 193),
(1928, 'Chipata', 193),
(1929, 'Harare', 194),
(1930, 'Bulawayo', 194),
(1931, 'Chitungwiza', 194),
(1932, 'Mutare', 194),
(1933, 'Gweru', 194),
(1934, 'Epworth', 194),
(1935, 'Kwekwe', 194),
(1936, 'Kadoma', 194),
(1937, 'Masvingo', 194),
(1938, 'Chinhoyi', 194);

-- --------------------------------------------------------

--
-- Table structure for table `countries`
--

CREATE TABLE `countries` (
  `CountryID` int(11) NOT NULL,
  `CountryName` varchar(30) DEFAULT NULL
) ENGINE=InnoDB DEFAULT CHARSET=utf8mb4 COLLATE=utf8mb4_general_ci;

--
-- Dumping data for table `countries`
--

INSERT INTO `countries` (`CountryID`, `CountryName`) VALUES
(1, 'Afghanistan'),
(2, 'Albania'),
(3, 'Algeria'),
(4, 'Andorra'),
(5, 'Angola'),
(6, 'Antigua and Barbuda'),
(7, 'Argentina'),
(8, 'Armenia'),
(9, 'Australia'),
(10, 'Austria'),
(11, 'Azerbaijan'),
(12, 'Bahamas'),
(13, 'Bahrain'),
(14, 'Bangladesh'),
(15, 'Barbados'),
(16, 'Belarus'),
(17, 'Belgium'),
(18, 'Belize'),
(19, 'Benin'),
(20, 'Bhutan'),
(21, 'Bolivia'),
(22, 'Bosnia and Herzegovina'),
(23, 'Botswana'),
(24, 'Brazil'),
(25, 'Brunei'),
(26, 'Bulgaria'),
(27, 'Burkina Faso'),
(28, 'Burundi'),
(29, 'Cabo Verde'),
(30, 'Cambodia'),
(31, 'Cameroon'),
(32, 'Canada'),
(33, 'Central African Republic'),
(34, 'Chad'),
(35, 'Chile'),
(36, 'China'),
(37, 'Colombia'),
(38, 'Comoros'),
(39, 'Congo, Democratic Republic of '),
(40, 'Congo, Republic of the'),
(41, 'Costa Rica'),
(42, 'Croatia'),
(43, 'Cuba'),
(44, 'Cyprus'),
(45, 'Czech Republic'),
(46, 'Denmark'),
(47, 'Djibouti'),
(48, 'Dominica'),
(49, 'Dominican Republic'),
(50, 'Ecuador'),
(51, 'Egypt'),
(52, 'El Salvador'),
(53, 'Equatorial Guinea'),
(54, 'Eritrea'),
(55, 'Estonia'),
(56, 'Eswatini'),
(57, 'Ethiopia'),
(58, 'Fiji'),
(59, 'Finland'),
(60, 'France'),
(61, 'Gabon'),
(62, 'Gambia'),
(63, 'Georgia'),
(64, 'Germany'),
(65, 'Ghana'),
(66, 'Greece'),
(67, 'Grenada'),
(68, 'Guatemala'),
(69, 'Guinea'),
(70, 'Guinea-Bissau'),
(71, 'Guyana'),
(72, 'Haiti'),
(73, 'Honduras'),
(74, 'Hungary'),
(75, 'Iceland'),
(76, 'India'),
(77, 'Indonesia'),
(78, 'Iran'),
(79, 'Iraq'),
(80, 'Ireland'),
(81, 'Israel'),
(82, 'Italy'),
(83, 'Jamaica'),
(84, 'Japan'),
(85, 'Jordan'),
(86, 'Kazakhstan'),
(87, 'Kenya'),
(88, 'Kiribati'),
(89, 'Korea, North'),
(90, 'Korea, South'),
(91, 'Kuwait'),
(92, 'Kyrgyzstan'),
(93, 'Laos'),
(94, 'Latvia'),
(95, 'Lebanon'),
(96, 'Lesotho'),
(97, 'Liberia'),
(98, 'Libya'),
(99, 'Liechtenstein'),
(100, 'Lithuania'),
(101, 'Luxembourg'),
(102, 'Madagascar'),
(103, 'Malawi'),
(104, 'Malaysia'),
(105, 'Maldives'),
(106, 'Mali'),
(107, 'Malta'),
(108, 'Marshall Islands'),
(109, 'Mauritania'),
(110, 'Mauritius'),
(111, 'Mexico'),
(112, 'Micronesia'),
(113, 'Moldova'),
(114, 'Monaco'),
(115, 'Mongolia'),
(116, 'Montenegro'),
(117, 'Morocco'),
(118, 'Mozambique'),
(119, 'Myanmar'),
(120, 'Namibia'),
(121, 'Nauru'),
(122, 'Nepal'),
(123, 'Netherlands'),
(124, 'New Zealand'),
(125, 'Nicaragua'),
(126, 'Niger'),
(127, 'Nigeria'),
(128, 'North Macedonia'),
(129, 'Norway'),
(130, 'Oman'),
(131, 'Pakistan'),
(132, 'Palau'),
(133, 'Panama'),
(134, 'Papua New Guinea'),
(135, 'Paraguay'),
(136, 'Peru'),
(137, 'Philippines'),
(138, 'Poland'),
(139, 'Portugal'),
(140, 'Qatar'),
(141, 'Romania'),
(142, 'Russia'),
(143, 'Rwanda'),
(144, 'Saint Kitts and Nevis'),
(145, 'Saint Lucia'),
(146, 'Saint Vincent and the Grenadin'),
(147, 'Samoa'),
(148, 'San Marino'),
(149, 'Sao Tome and Principe'),
(150, 'Saudi Arabia'),
(151, 'Senegal'),
(152, 'Serbia'),
(153, 'Seychelles'),
(154, 'Sierra Leone'),
(155, 'Singapore'),
(156, 'Slovakia'),
(157, 'Slovenia'),
(158, 'Solomon Islands'),
(159, 'Somalia'),
(160, 'South Africa'),
(161, 'South Sudan'),
(162, 'Spain'),
(163, 'Sri Lanka'),
(164, 'Sudan'),
(165, 'Suriname'),
(166, 'Sweden'),
(167, 'Switzerland'),
(168, 'Syria'),
(169, 'Taiwan'),
(170, 'Tajikistan'),
(171, 'Tanzania'),
(172, 'Thailand'),
(173, 'Timor-Leste'),
(174, 'Togo'),
(175, 'Tonga'),
(176, 'Trinidad and Tobago'),
(177, 'Tunisia'),
(178, 'Turkey'),
(179, 'Turkmenistan'),
(180, 'Tuvalu'),
(181, 'Uganda'),
(182, 'Ukraine'),
(183, 'United Arab Emirates'),
(184, 'United Kingdom'),
(185, 'United States'),
(186, 'Uruguay'),
(187, 'Uzbekistan'),
(188, 'Vanuatu'),
(189, 'Vatican City'),
(190, 'Venezuela'),
(191, 'Vietnam'),
(192, 'Yemen'),
(193, 'Zambia'),
(194, 'Zimbabwe');

-- --------------------------------------------------------

--
-- Table structure for table `messages`
--

CREATE TABLE `messages` (
  `MessageID` int(11) NOT NULL,
  `MessageTimeSent` timestamp NOT NULL DEFAULT current_timestamp() ON UPDATE current_timestamp(),
  `MessageText` varchar(255) DEFAULT NULL,
  `MessageSenderID` int(11) DEFAULT NULL,
  `MessageReceiverID` int(11) DEFAULT NULL
) ENGINE=InnoDB DEFAULT CHARSET=utf8mb4 COLLATE=utf8mb4_general_ci;

--
-- Dumping data for table `messages`
--

INSERT INTO `messages` (`MessageID`, `MessageTimeSent`, `MessageText`, `MessageSenderID`, `MessageReceiverID`) VALUES
(9, '2024-07-07 11:43:12', 'Welcome! Your booking has been accepted.', 1, 3),
(10, '2024-07-07 11:43:27', 'Yo welcome', 1, 3),
(11, '2024-07-07 11:44:22', 'Hi what\'s up', 3, 1),
(12, '2024-07-07 11:47:54', 'nothing', 1, 3),
(14, '2024-07-07 17:12:38', 'Welcome! Your booking has been accepted.', 1, 3),
(19, '2024-07-13 17:20:47', 'Welcome! Your booking has been accepted.', 1, 3),
(20, '2024-07-14 19:04:28', 'yo this still works?', 3, 1),
(21, '2024-07-14 19:11:23', 'fdsfds', 3, 1),
(22, '2024-07-14 20:05:18', 'Welcome! Your booking has been accepted.', 1, 3),
(23, '2024-07-14 20:09:53', 'Sorry! Your booking was rejected.', 1, 3),
(25, '2024-07-15 01:31:36', 'Welcome! Your booking has been accepted.', 1, 2),
(26, '2024-07-15 01:32:12', 'Great!', 2, 1),
(27, '2024-07-16 06:03:38', 'Welcome! Your booking has been accepted.', 1, 5),
(28, '2024-07-16 06:07:40', 'Thanks you!', 5, 1),
(29, '2024-07-16 23:00:29', 'yo', 1, 5),
(30, '2024-07-16 23:10:59', 'yo', 1, 5),
(31, '2024-07-16 23:11:49', 'Hey', 5, 1),
(32, '2024-07-16 23:16:57', 'Test', 1, 5),
(33, '2024-07-16 23:17:03', 'TEst', 5, 1),
(34, '2024-07-16 23:18:10', 'test', 1, 5),
(35, '2024-07-16 23:18:15', 'test', 5, 1),
(36, '2024-07-16 23:33:43', 'test', 1, 5),
(37, '2024-07-16 23:38:11', 'test', 1, 5),
(38, '2024-07-16 23:38:26', 'test', 1, 5),
(39, '2024-07-16 23:39:10', 'Test', 1, 5),
(40, '2024-07-16 23:43:06', 'Yoooo', 1, 5),
(41, '2024-07-16 23:43:13', 'Test', 5, 1),
(42, '2024-07-16 23:45:18', 'test', 1, 5),
(43, '2024-07-16 23:46:06', 'test', 1, 5),
(44, '2024-07-16 23:46:10', 'yo', 1, 5),
(45, '2024-07-16 23:47:48', 'test', 1, 5),
(46, '2024-07-16 23:52:07', 'test', 1, 5),
(47, '2024-07-17 00:00:01', 'EEEEe', 5, 1),
(48, '2024-07-17 00:13:56', 'TEst', 1, 2),
(49, '2024-07-17 00:49:19', 'fe', 1, 5),
(50, '2024-07-17 07:17:39', 'Hi ther', 5, 1);

-- --------------------------------------------------------

--
-- Table structure for table `paymentinfo`
--

CREATE TABLE `paymentinfo` (
  `PaymentID` int(11) NOT NULL,
  `UserAccountType` varchar(10) DEFAULT NULL,
  `PaymentNo` varchar(20) DEFAULT NULL,
  `CardHolderName` varchar(30) DEFAULT NULL,
  `CardNumber` varchar(30) DEFAULT NULL,
  `CardExpirationDate` date DEFAULT NULL,
  `CardCVV` int(11) DEFAULT NULL,
  `CardBrand` varchar(30) DEFAULT NULL,
  `BillingCountry` varchar(30) DEFAULT NULL,
  `BillingAddress` varchar(50) DEFAULT NULL,
  `BillingPostalCode` varchar(10) DEFAULT NULL,
  `PaymentTypeID` int(11) DEFAULT NULL,
  `UserID` int(11) DEFAULT NULL
) ENGINE=InnoDB DEFAULT CHARSET=utf8mb4 COLLATE=utf8mb4_general_ci;

--
-- Dumping data for table `paymentinfo`
--

INSERT INTO `paymentinfo` (`PaymentID`, `UserAccountType`, `PaymentNo`, `CardHolderName`, `CardNumber`, `CardExpirationDate`, `CardCVV`, `CardBrand`, `BillingCountry`, `BillingAddress`, `BillingPostalCode`, `PaymentTypeID`, `UserID`) VALUES
(19, 'guest', '1', 'grefrger', '54364', '2024-06-13', 5435, 'Master', 'American Samoa', 'Ahlone road, 163\r\n5th Floor', '11121', 1, 1),
(20, 'guest', '2', 'ghrth', '6546456', '2024-06-20', 6564, 'Master', 'Austria', 'Ahlone road, 163\r\n5th Floor', '11121', 1, 1),
(22, 'host', '1', '543543', '5435', '2024-07-18', 5354, 'Visa', 'Antarctica', 'Ahlone road, 163\r\n5th Floor', '11121', 1, 1),
(23, 'host', '1', '43534', '5435', '2024-07-24', 5435, 'Master', 'Greenland', 'Ahlone road, 163\r\n5th Floor', '11121', 2, 1),
(25, 'host', '1', '53453', '5435', '2024-07-26', 54353, 'Visa', 'Aruba', 'Ahlone road, 163\r\n5th Floor', '11121', 2, 1),
(26, 'host', '1', 'nyt', 'hht4h5', '2024-07-25', 546, 'Master', 'Algeria', 'Ahlone road, 163\r\n5th Floor', '11121', 1, 1),
(27, 'guest', '1', 'jytj65', '5465464', '2024-07-10', 6546, 'Master', 'Antigua and Barbuda', 'gergerg', '64565', 1, 2),
(28, 'guest', '1', 'rerege', '654645', '2024-07-11', 5436, 'Visa', 'Angola', 'gerge', '53456', 1, 3),
(33, 'guest', '1', 'Jamie Jones', '6456454345', '2024-07-30', 5465, 'Visa', 'Ukraine', 'Ahlone road, 1543\r\n5th Floor', '11453', 1, 5),
(34, 'guest', '1', 'Jamie Jones', '546364654', '2024-07-25', 5436, 'Visa', 'Armenia', 'Ahlone road, 163\r\n5th Floor', '11121', 2, 4);

-- --------------------------------------------------------

--
-- Table structure for table `paymenttypes`
--

CREATE TABLE `paymenttypes` (
  `PaymentTypeID` int(11) NOT NULL,
  `PaymentTypeName` varchar(30) DEFAULT NULL
) ENGINE=InnoDB DEFAULT CHARSET=utf8mb4 COLLATE=utf8mb4_general_ci;

--
-- Dumping data for table `paymenttypes`
--

INSERT INTO `paymenttypes` (`PaymentTypeID`, `PaymentTypeName`) VALUES
(1, 'Credit'),
(2, 'Debit');

-- --------------------------------------------------------

--
-- Table structure for table `properties`
--

CREATE TABLE `properties` (
  `PropertyID` int(11) NOT NULL,
  `PropertyName` varchar(30) DEFAULT NULL,
  `PropertyImage1` text DEFAULT NULL,
  `PropertyImage2` text DEFAULT NULL,
  `PropertyImage3` text DEFAULT NULL,
  `PropertyAddress` varchar(50) DEFAULT NULL,
  `PropertyCoordinates` varchar(60) DEFAULT NULL,
  `PropertyRooms` varchar(50) DEFAULT NULL,
  `PropertyMaxGuest` int(11) DEFAULT NULL,
  `PropertyDescription` varchar(255) DEFAULT NULL,
  `PropertyListingDate` date DEFAULT NULL,
  `PropertyStatus` varchar(10) DEFAULT NULL,
  `PropertyPrice` decimal(10,0) DEFAULT NULL,
  `CityID` int(11) DEFAULT NULL,
  `CancelPolicyID` int(11) DEFAULT NULL,
  `AdminID` int(11) DEFAULT NULL
) ENGINE=InnoDB DEFAULT CHARSET=utf8mb4 COLLATE=utf8mb4_general_ci;

--
-- Dumping data for table `properties`
--

INSERT INTO `properties` (`PropertyID`, `PropertyName`, `PropertyImage1`, `PropertyImage2`, `PropertyImage3`, `PropertyAddress`, `PropertyCoordinates`, `PropertyRooms`, `PropertyMaxGuest`, `PropertyDescription`, `PropertyListingDate`, `PropertyStatus`, `PropertyPrice`, `CityID`, `CancelPolicyID`, `AdminID`) VALUES
(21, 'Luxury loft in stilted traditi', 'profileImg/_images (1).jpg', 'profileImg/_images.jpg', 'profileImg/_download.jpg', 'Private room in chalet in Chiang Rai, Thailand', '15.24454581675283, 101.4971237724461', '1 bedroom, 1 bed, 1 private bath', 2, 'Located in Side, a 3-minute walk from Kumkoy Beach, Barut Hemera - Ultra All Inclusive has accommodations with an outdoor swimming pool, free private parking, a fitness center and a garden. Featuring a shared lounge, this property also welcomes guests wit', '2024-07-15', 'Listed', 64, 1724, 2, 1),
(22, 'Pristine Luxury Loft', 'profileImg/_410803097.jpg', 'profileImg/_373670626.jpg', 'profileImg/_picture-st-pete-beach-treasure-island-beach-resort-19.jpg', 'Private room in chalet in Mango road', '15.24454581675283, 101.4971237724461', '1 bedroom, 1 bed, 1 private bath', 2, 'Nestled along the serene shores of Lake Geneva, this charming beachside house offers a picturesque r', '2024-07-15', 'Listed', 46, 1669, 2, 1),
(23, 'Luxury loft in stilted traditi', 'profileImg/_373670626.jpg', 'profileImg/_373670626.jpg', 'profileImg/_373670626.jpg', 'Private room in chalet in Chiang Rai, Thailand', '15.24454581675283, 101.4971237724461', '1 bedroom, 1 bed, 1 private bath', 2, 'Nestled along the serene shores of Lake Geneva, this charming beachside house offers a picturesque r', '2024-07-15', 'Listed', 46, 633, 2, 1),
(25, 'Sea side hotel', 'profileImg/_images (2).jpg', 'profileImg/_410803097.jpg', 'profileImg/_373670626.jpg', 'No 163 Ahlone Road', '16.853110, 96.420535', '2 rooms, 3 bathrooms', 4, 'WEBSearch the worlds information, including webpages, images, videos and more. Google has many speci', '2024-07-16', 'Listed', 54, 84, 2, 1);

-- --------------------------------------------------------

--
-- Table structure for table `propertyhosts`
--

CREATE TABLE `propertyhosts` (
  `UserID` int(11) DEFAULT NULL,
  `PropertyID` int(11) DEFAULT NULL,
  `HostType` varchar(10) DEFAULT NULL
) ENGINE=InnoDB DEFAULT CHARSET=utf8mb4 COLLATE=utf8mb4_general_ci;

--
-- Dumping data for table `propertyhosts`
--

INSERT INTO `propertyhosts` (`UserID`, `PropertyID`, `HostType`) VALUES
(1, 21, 'Host'),
(2, 23, 'Host'),
(1, 25, 'Host');

-- --------------------------------------------------------

--
-- Table structure for table `propertyrules`
--

CREATE TABLE `propertyrules` (
  `PropertyID` int(11) DEFAULT NULL,
  `RuleID` int(11) DEFAULT NULL
) ENGINE=InnoDB DEFAULT CHARSET=utf8mb4 COLLATE=utf8mb4_general_ci;

--
-- Dumping data for table `propertyrules`
--

INSERT INTO `propertyrules` (`PropertyID`, `RuleID`) VALUES
(21, 1),
(21, 2),
(21, 3),
(21, 11),
(21, 12),
(21, 13),
(25, 1),
(25, 3),
(25, 4),
(25, 5);

-- --------------------------------------------------------

--
-- Table structure for table `rules`
--

CREATE TABLE `rules` (
  `RuleID` int(11) NOT NULL,
  `RuleName` varchar(30) DEFAULT NULL,
  `RuleIcon` text DEFAULT NULL,
  `RuleDescription` varchar(100) DEFAULT NULL
) ENGINE=InnoDB DEFAULT CHARSET=utf8mb4 COLLATE=utf8mb4_general_ci;

--
-- Dumping data for table `rules`
--

INSERT INTO `rules` (`RuleID`, `RuleName`, `RuleIcon`, `RuleDescription`) VALUES
(1, 'Pet Friendly', '<i class=\"fa-solid fa-shield-cat\"></i>', 'Pets are allowed on this property.'),
(2, 'No Smoking', '<i class=\"fa-solid fa-ban-smoking\"></i>', 'Smoking is not allowed on this property.'),
(3, 'No Parties', '<i class=\"fa-solid fa-ban\"></i>', 'Parties or events are not allowed on this property.'),
(4, 'Quiet Hours', '<i class=\"fa-solid fa-clock\"></i>', 'Please observe quiet hours from 10 PM to 8 AM.'),
(5, 'Kids Friendly', '<i class=\"fa-solid fa-child\"></i>', 'The property is suitable for children.'),
(6, 'No Shoes Indoors', '<i class=\"fa-solid fa-shoe-prints\"></i>', 'Please do not wear shoes inside the house.'),
(7, 'Recycling Required', '<i class=\"fa-solid fa-recycle\"></i>', 'Please separate your waste and recycle appropriately.'),
(8, 'Check-In After 3 PM', '<i class=\"fa-solid fa-sign-in-alt\"></i>', 'Check-in is available after 3 PM.'),
(9, 'Check-Out Before 11 AM', '<i class=\"fa-solid fa-sign-out-alt\"></i>', 'Please check out by 11 AM.'),
(10, 'No Outside Visitors', '<i class=\"fa-solid fa-user-alt-slash\"></i>', 'No outside visitors are allowed on the property.'),
(11, 'No Loud Music', '<i class=\"fa-solid fa-volume-mute\"></i>', 'Loud music is not allowed on the property.'),
(12, 'No Illegal Substances', '<i class=\"fa-solid fa-ban\"></i>', 'Illegal substances are not allowed on the property.'),
(13, 'No Pets', '<i class=\"fa-solid fa-ban fa-paw\"></i>', 'Pets are not allowed on this property.'),
(14, 'No Open Flames', '<i class=\"fa-solid fa-fire-extinguisher\"></i>', 'Open flames, such as candles, are not allowed.'),
(15, 'Use Amenities Responsibly', '<i class=\"fa-solid fa-concierge-bell\"></i>', 'Please use the amenities responsibly.'),
(16, 'Pool Rules', '<i class=\"fa-solid fa-swimmer\"></i>', 'Follow all posted rules when using the pool.');

-- --------------------------------------------------------

--
-- Table structure for table `users`
--

CREATE TABLE `users` (
  `UserID` int(11) NOT NULL,
  `UserEmail` varchar(30) DEFAULT NULL,
  `UserName` varchar(30) DEFAULT NULL,
  `UserPp` text DEFAULT NULL,
  `UserPassword` varchar(30) DEFAULT NULL,
  `UserPh` varchar(20) NOT NULL,
  `UserBalance` decimal(10,0) DEFAULT NULL,
  `HostVerificationStatus` varchar(10) DEFAULT NULL,
  `GuestVerificationStatus` varchar(10) DEFAULT NULL
) ENGINE=InnoDB DEFAULT CHARSET=utf8mb4 COLLATE=utf8mb4_general_ci;

--
-- Dumping data for table `users`
--

INSERT INTO `users` (`UserID`, `UserEmail`, `UserName`, `UserPp`, `UserPassword`, `UserPh`, `UserBalance`, `HostVerificationStatus`, `GuestVerificationStatus`) VALUES
(1, 'User123ll@gmail.com', 'Annie', 'profileImg/_IMG_6197.png', 'fewdaFEWF31231#@!', '453664354', 485, 'Verified', 'Verified'),
(2, 'jamy123ll@gmail.com', 'Minnn', 'profileImg/_March 2015 B.png', 'fd34GF#@', '6565465446', 0, 'Verified', 'Verified'),
(3, 'Bugee2@gmail.com', 'Bugee', 'profileImg/_Screenshot (57).png', 'Bugee23@#', '435436436', 0, NULL, 'Verified'),
(4, 'Bugggggg@gmail.com', 'Bug', 'profileImg/_Screenshot 2024-07-14 153211.png', 'Jamy123!@#', '54353636', 0, 'Verified', NULL),
(5, 'jamy124ll@gmail.com', 'Jamie', 'profileImg/_images.jpg', 'Jamy124..,..,!@#', '44565445', 0, 'Verified', 'Verified');

-- --------------------------------------------------------

--
-- Table structure for table `verifications`
--

CREATE TABLE `verifications` (
  `VerificationID` int(11) NOT NULL,
  `UserAccountType` varchar(10) DEFAULT NULL,
  `LegalName` varchar(30) DEFAULT NULL,
  `Selfie` text DEFAULT NULL,
  `IDNumber` varchar(30) DEFAULT NULL,
  `IDFront` text DEFAULT NULL,
  `IDBack` text DEFAULT NULL,
  `IDType` varchar(30) DEFAULT NULL,
  `VerificationDate` date DEFAULT NULL,
  `VerificationStatus` varchar(10) DEFAULT NULL,
  `UserID` int(11) DEFAULT NULL,
  `AdminID` int(11) DEFAULT NULL,
  `CountryID` int(11) DEFAULT NULL
) ENGINE=InnoDB DEFAULT CHARSET=utf8mb4 COLLATE=utf8mb4_general_ci;

--
-- Dumping data for table `verifications`
--

INSERT INTO `verifications` (`VerificationID`, `UserAccountType`, `LegalName`, `Selfie`, `IDNumber`, `IDFront`, `IDBack`, `IDType`, `VerificationDate`, `VerificationStatus`, `UserID`, `AdminID`, `CountryID`) VALUES
(14, 'Guest', 'Jamie Jones', 'profileImg/_images.jpg', '4235465634355', 'profileImg/_images.jpg', 'profileImg/_images.jpg', 'Government ID', '2024-07-15', 'Accepted', 5, 1, 167),
(15, 'Host', 'Jamie Jones', 'profileImg/_images.jpg', '6546457546554', 'profileImg/_images.jpg', 'profileImg/_images.jpg', 'Government ID', '2024-07-15', 'Accepted', 5, 1, 167),
(16, 'Host', 'Min Thit Htoo', 'profileImg/_Screenshot 2024-06-18 012425.png', '465675435', 'profileImg/_Screenshot (17).png', 'profileImg/_Screenshot (21).png', 'Passport', '2024-07-16', 'Accepted', 4, 1, 108);

--
-- Indexes for dumped tables
--

--
-- Indexes for table `admins`
--
ALTER TABLE `admins`
  ADD PRIMARY KEY (`AdminID`);

--
-- Indexes for table `bookings`
--
ALTER TABLE `bookings`
  ADD PRIMARY KEY (`BookingID`),
  ADD KEY `PaymentID` (`PaymentID`),
  ADD KEY `PropertyID` (`PropertyID`),
  ADD KEY `UserID` (`UserID`);

--
-- Indexes for table `cancellationpolicies`
--
ALTER TABLE `cancellationpolicies`
  ADD PRIMARY KEY (`CancelPolicyID`);

--
-- Indexes for table `cities`
--
ALTER TABLE `cities`
  ADD PRIMARY KEY (`CityID`),
  ADD KEY `CountryID` (`CountryID`);

--
-- Indexes for table `countries`
--
ALTER TABLE `countries`
  ADD PRIMARY KEY (`CountryID`);

--
-- Indexes for table `messages`
--
ALTER TABLE `messages`
  ADD PRIMARY KEY (`MessageID`),
  ADD KEY `MessageSenderID` (`MessageSenderID`),
  ADD KEY `MessageReceiverID` (`MessageReceiverID`);

--
-- Indexes for table `paymentinfo`
--
ALTER TABLE `paymentinfo`
  ADD PRIMARY KEY (`PaymentID`),
  ADD KEY `PaymentTypeID` (`PaymentTypeID`),
  ADD KEY `UserID` (`UserID`);

--
-- Indexes for table `paymenttypes`
--
ALTER TABLE `paymenttypes`
  ADD PRIMARY KEY (`PaymentTypeID`);

--
-- Indexes for table `properties`
--
ALTER TABLE `properties`
  ADD PRIMARY KEY (`PropertyID`),
  ADD KEY `CityID` (`CityID`),
  ADD KEY `CancelPolicyID` (`CancelPolicyID`),
  ADD KEY `AdminID` (`AdminID`);

--
-- Indexes for table `propertyhosts`
--
ALTER TABLE `propertyhosts`
  ADD KEY `UserID` (`UserID`),
  ADD KEY `PropertyID` (`PropertyID`);

--
-- Indexes for table `propertyrules`
--
ALTER TABLE `propertyrules`
  ADD KEY `PropertyID` (`PropertyID`),
  ADD KEY `RuleID` (`RuleID`);

--
-- Indexes for table `rules`
--
ALTER TABLE `rules`
  ADD PRIMARY KEY (`RuleID`);

--
-- Indexes for table `users`
--
ALTER TABLE `users`
  ADD PRIMARY KEY (`UserID`);

--
-- Indexes for table `verifications`
--
ALTER TABLE `verifications`
  ADD PRIMARY KEY (`VerificationID`),
  ADD KEY `UserID` (`UserID`),
  ADD KEY `AdminID` (`AdminID`),
  ADD KEY `CountryID` (`CountryID`);

--
-- AUTO_INCREMENT for dumped tables
--

--
-- AUTO_INCREMENT for table `admins`
--
ALTER TABLE `admins`
  MODIFY `AdminID` int(11) NOT NULL AUTO_INCREMENT, AUTO_INCREMENT=2;

--
-- AUTO_INCREMENT for table `bookings`
--
ALTER TABLE `bookings`
  MODIFY `BookingID` int(11) NOT NULL AUTO_INCREMENT, AUTO_INCREMENT=19;

--
-- AUTO_INCREMENT for table `cancellationpolicies`
--
ALTER TABLE `cancellationpolicies`
  MODIFY `CancelPolicyID` int(11) NOT NULL AUTO_INCREMENT, AUTO_INCREMENT=6;

--
-- AUTO_INCREMENT for table `cities`
--
ALTER TABLE `cities`
  MODIFY `CityID` int(11) NOT NULL AUTO_INCREMENT, AUTO_INCREMENT=1939;

--
-- AUTO_INCREMENT for table `countries`
--
ALTER TABLE `countries`
  MODIFY `CountryID` int(11) NOT NULL AUTO_INCREMENT, AUTO_INCREMENT=195;

--
-- AUTO_INCREMENT for table `messages`
--
ALTER TABLE `messages`
  MODIFY `MessageID` int(11) NOT NULL AUTO_INCREMENT, AUTO_INCREMENT=51;

--
-- AUTO_INCREMENT for table `paymentinfo`
--
ALTER TABLE `paymentinfo`
  MODIFY `PaymentID` int(11) NOT NULL AUTO_INCREMENT, AUTO_INCREMENT=35;

--
-- AUTO_INCREMENT for table `paymenttypes`
--
ALTER TABLE `paymenttypes`
  MODIFY `PaymentTypeID` int(11) NOT NULL AUTO_INCREMENT, AUTO_INCREMENT=3;

--
-- AUTO_INCREMENT for table `properties`
--
ALTER TABLE `properties`
  MODIFY `PropertyID` int(11) NOT NULL AUTO_INCREMENT, AUTO_INCREMENT=26;

--
-- AUTO_INCREMENT for table `rules`
--
ALTER TABLE `rules`
  MODIFY `RuleID` int(11) NOT NULL AUTO_INCREMENT, AUTO_INCREMENT=17;

--
-- AUTO_INCREMENT for table `users`
--
ALTER TABLE `users`
  MODIFY `UserID` int(11) NOT NULL AUTO_INCREMENT, AUTO_INCREMENT=6;

--
-- AUTO_INCREMENT for table `verifications`
--
ALTER TABLE `verifications`
  MODIFY `VerificationID` int(11) NOT NULL AUTO_INCREMENT, AUTO_INCREMENT=17;

--
-- Constraints for dumped tables
--

--
-- Constraints for table `bookings`
--
ALTER TABLE `bookings`
  ADD CONSTRAINT `bookings_ibfk_1` FOREIGN KEY (`PaymentID`) REFERENCES `paymentinfo` (`PaymentID`),
  ADD CONSTRAINT `bookings_ibfk_2` FOREIGN KEY (`PropertyID`) REFERENCES `properties` (`PropertyID`),
  ADD CONSTRAINT `bookings_ibfk_3` FOREIGN KEY (`UserID`) REFERENCES `users` (`UserID`);

--
-- Constraints for table `cities`
--
ALTER TABLE `cities`
  ADD CONSTRAINT `cities_ibfk_1` FOREIGN KEY (`CountryID`) REFERENCES `countries` (`CountryID`);

--
-- Constraints for table `messages`
--
ALTER TABLE `messages`
  ADD CONSTRAINT `messages_ibfk_1` FOREIGN KEY (`MessageSenderID`) REFERENCES `users` (`UserID`),
  ADD CONSTRAINT `messages_ibfk_2` FOREIGN KEY (`MessageReceiverID`) REFERENCES `users` (`UserID`);

--
-- Constraints for table `paymentinfo`
--
ALTER TABLE `paymentinfo`
  ADD CONSTRAINT `paymentinfo_ibfk_1` FOREIGN KEY (`PaymentTypeID`) REFERENCES `paymenttypes` (`PaymentTypeID`),
  ADD CONSTRAINT `paymentinfo_ibfk_2` FOREIGN KEY (`UserID`) REFERENCES `users` (`UserID`);

--
-- Constraints for table `properties`
--
ALTER TABLE `properties`
  ADD CONSTRAINT `properties_ibfk_1` FOREIGN KEY (`CityID`) REFERENCES `cities` (`CityID`),
  ADD CONSTRAINT `properties_ibfk_2` FOREIGN KEY (`CancelPolicyID`) REFERENCES `cancellationpolicies` (`CancelPolicyID`),
  ADD CONSTRAINT `properties_ibfk_3` FOREIGN KEY (`AdminID`) REFERENCES `admins` (`AdminID`);

--
-- Constraints for table `propertyhosts`
--
ALTER TABLE `propertyhosts`
  ADD CONSTRAINT `propertyhosts_ibfk_1` FOREIGN KEY (`UserID`) REFERENCES `users` (`UserID`),
  ADD CONSTRAINT `propertyhosts_ibfk_2` FOREIGN KEY (`PropertyID`) REFERENCES `properties` (`PropertyID`);

--
-- Constraints for table `propertyrules`
--
ALTER TABLE `propertyrules`
  ADD CONSTRAINT `propertyrules_ibfk_1` FOREIGN KEY (`PropertyID`) REFERENCES `properties` (`PropertyID`),
  ADD CONSTRAINT `propertyrules_ibfk_2` FOREIGN KEY (`RuleID`) REFERENCES `rules` (`RuleID`);

--
-- Constraints for table `verifications`
--
ALTER TABLE `verifications`
  ADD CONSTRAINT `verifications_ibfk_1` FOREIGN KEY (`UserID`) REFERENCES `users` (`UserID`),
  ADD CONSTRAINT `verifications_ibfk_2` FOREIGN KEY (`AdminID`) REFERENCES `admins` (`AdminID`),
  ADD CONSTRAINT `verifications_ibfk_3` FOREIGN KEY (`CountryID`) REFERENCES `countries` (`CountryID`);
COMMIT;

/*!40101 SET CHARACTER_SET_CLIENT=@OLD_CHARACTER_SET_CLIENT */;
/*!40101 SET CHARACTER_SET_RESULTS=@OLD_CHARACTER_SET_RESULTS */;
/*!40101 SET COLLATION_CONNECTION=@OLD_COLLATION_CONNECTION */;
